51094,20140906,16:00:00.000000,SUSPICIOUS OCC,Saturday,MISSION,-122.4067253,37.758564169
37219,20141113,14:18:00.000000,DRUG/NARCOTIC,Thursday,MISSION,-122.4133435,37.768023543
34623,20141126,15:03:00.000000,WARRANTS,Wednesday,PARK,-122.437369,37.777014188
11276,20150319,11:50:00.000000,WARRANTS,Thursday,SOUTHERN,-122.3931106,37.777310321
79427,20140420,17:05:00.000000,LARCENY/THEFT,Sunday,SOUTHERN,-122.4039129,37.773693038
94427,20140208,10:20:00.000000,NON-CRIMINAL,Saturday,BAYVIEW,-122.3965285,37.751729831
50183,20140915,22:30:00.000000,OTHER OFFENSES,Monday,SOUTHERN,-122.401378,37.789263931
2803,20150429,18:30:00.000000,LARCENY/THEFT,Wednesday,CENTRAL,-122.402384,37.79097001
91819,20140221,19:00:00.000000,VANDALISM,Friday,MISSION,-122.4171804,37.761967421
70105,20140611,13:00:00.000000,VANDALISM,Wednesday,TENDERLOIN,-122.4137984,37.785629794
93619,20140217,13:30:00.000000,LARCENY/THEFT,Monday,SOUTHERN,-122.3944342,37.781344086
87956,20140317,00:37:00.000000,OTHER OFFENSES,Monday,BAYVIEW,-122.4099837,37.720585571
75042,20140515,20:25:00.000000,DRUG/NARCOTIC,Thursday,RICHMOND,-122.4588606,37.781255093
47372,20140929,13:00:00.000000,VANDALISM,Monday,CENTRAL,-122.4107869,37.793749028
5574,20150416,00:19:00.000000,OTHER OFFENSES,Thursday,PARK,-122.4464726,37.775801594
8646,20150401,16:25:00.000000,WARRANTS,Wednesday,SOUTHERN,-122.4034047,37.775420706
74798,20140516,14:30:00.000000,LARCENY/THEFT,Friday,RICHMOND,-122.513642,37.778469219
12913,20150308,11:13:00.000000,FAMILY OFFENSES,Sunday,MISSION,-122.4078076,37.763099429
97190,20140125,16:30:00.000000,MISSING PERSON,Saturday,BAYVIEW,-122.3815607,37.738124183
47972,20140921,02:00:00.000000,ROBBERY,Sunday,MISSION,-122.4198279,37.766673755
6190,20150414,16:30:00.000000,NON-CRIMINAL,Tuesday,MISSION,-122.4196065,37.76015608
20710,20150204,10:00:00.000000,BURGLARY,Wednesday,MISSION,-122.4214458,37.751237224
30571,20141214,02:02:00.000000,LARCENY/THEFT,Sunday,NORTHERN,-122.4248086,37.798391758
65497,20140629,19:19:00.000000,ASSAULT,Sunday,SOUTHERN,-122.4148171,37.771182894
51045,20140906,17:54:00.000000,OTHER OFFENSES,Saturday,TARAVAL,-122.4771723,37.763558459
44896,20141005,04:00:00.000000,VANDALISM,Sunday,BAYVIEW,-122.4034428,37.757706062
50894,20140907,00:01:00.000000,OTHER OFFENSES,Sunday,NORTHERN,-122.4207137,37.791054571
24838,20150111,15:50:00.000000,SECONDARY CODES,Sunday,SOUTHERN,-122.4034047,37.775420706
62340,20140721,13:08:00.000000,OTHER OFFENSES,Monday,SOUTHERN,-122.4124862,37.77300128
23917,20150120,18:00:00.000000,LARCENY/THEFT,Tuesday,INGLESIDE,-122.4073312,37.709418862
2056,20150501,14:30:00.000000,LIQUOR LAWS,Friday,TENDERLOIN,-122.4101352,37.784188907
79697,20140419,23:00:00.000000,LARCENY/THEFT,Saturday,SOUTHERN,-122.402186,37.77883886
84917,20140331,11:30:00.000000,LARCENY/THEFT,Monday,RICHMOND,-122.4708197,37.771251003
11501,20150318,18:00:00.000000,LARCENY/THEFT,Wednesday,RICHMOND,-122.4862244,37.785695074
44496,20141013,02:43:00.000000,ASSAULT,Monday,BAYVIEW,-122.3955132,37.753617853
77490,20140502,14:20:00.000000,NON-CRIMINAL,Friday,PARK,-122.4469333,37.770006198
75124,20140515,16:30:00.000000,BURGLARY,Thursday,NORTHERN,-122.4444252,37.79505516
15620,20150302,10:10:00.000000,FORGERY/COUNTERFEITING,Monday,MISSION,-122.4196583,37.76422056
14382,20150305,01:22:00.000000,OTHER OFFENSES,Thursday,MISSION,-122.4065391,37.75648641
37730,20141112,08:00:00.000000,LARCENY/THEFT,Wednesday,SOUTHERN,-122.4009668,37.787749025
52331,20140903,19:15:00.000000,LARCENY/THEFT,Wednesday,RICHMOND,-122.5098954,37.772313197
45878,20141003,01:39:00.000000,OTHER OFFENSES,Friday,CENTRAL,-122.4077297,37.793177302
76295,20140512,18:00:00.000000,VEHICLE THEFT,Monday,BAYVIEW,-122.4056102,37.732438864
26716,20150107,01:37:00.000000,WARRANTS,Wednesday,RICHMOND,-122.4440337,37.784774075
73870,20140518,15:00:00.000000,BURGLARY,Sunday,NORTHERN,-122.4303811,37.775883071
41574,20141019,22:21:00.000000,WARRANTS,Sunday,CENTRAL,-122.4143681,37.788436826
80364,20140418,14:00:00.000000,OTHER OFFENSES,Friday,MISSION,-122.4322078,37.75422131
8521,20150401,21:00:00.000000,LARCENY/THEFT,Wednesday,TARAVAL,-122.4673845,37.763988695
83254,20140404,14:11:00.000000,OTHER OFFENSES,Friday,SOUTHERN,-122.4203034,37.770896885
30358,20141214,18:00:00.000000,NON-CRIMINAL,Sunday,INGLESIDE,-122.4012773,37.713788186
52850,20140902,13:21:00.000000,TRESPASS,Tuesday,SOUTHERN,-122.4146475,37.772442337
92710,20140219,16:13:00.000000,STOLEN PROPERTY,Wednesday,SOUTHERN,-122.4125153,37.780477748
22516,20150124,00:20:00.000000,ROBBERY,Saturday,INGLESIDE,-122.44781,37.713522523
29869,20141222,20:00:00.000000,VANDALISM,Monday,CENTRAL,-122.4040133,37.788904767
19556,20150206,22:00:00.000000,SUSPICIOUS OCC,Friday,SOUTHERN,-122.4081629,37.780534538
610,20150512,10:25:00.000000,BURGLARY,Tuesday,INGLESIDE,-122.4404167,37.712032933
49666,20140917,09:05:00.000000,VEHICLE THEFT,Wednesday,INGLESIDE,-122.4288059,37.719711145
88881,20140307,19:32:00.000000,LARCENY/THEFT,Friday,SOUTHERN,-122.4097951,37.780035626
12502,20150316,11:15:00.000000,LARCENY/THEFT,Monday,TARAVAL,-122.4977043,37.724738437
57133,20140809,16:17:00.000000,NON-CRIMINAL,Saturday,INGLESIDE,-122.4361546,37.712818905
51366,20140905,22:00:00.000000,LARCENY/THEFT,Friday,PARK,-122.455797,37.774672732
22997,20150122,22:48:00.000000,OTHER OFFENSES,Thursday,CENTRAL,-122.418911,37.806862238
16879,20150220,13:55:00.000000,LARCENY/THEFT,Friday,NORTHERN,-122.4297412,37.797764571
46632,20141001,09:00:00.000000,LARCENY/THEFT,Wednesday,PARK,-122.4575075,37.771133235
8474,20150401,23:00:00.000000,LARCENY/THEFT,Wednesday,RICHMOND,-122.454923,37.786280533
81313,20140416,10:15:00.000000,OTHER OFFENSES,Wednesday,BAYVIEW,-122.4010737,37.721535431
95353,20140205,23:30:00.000000,VEHICLE THEFT,Wednesday,INGLESIDE,-122.4001204,37.716576121
49371,20140917,23:19:00.000000,WEAPON LAWS,Wednesday,MISSION,-122.4178125,37.757100579
49376,20140917,23:18:00.000000,DRUG/NARCOTIC,Wednesday,SOUTHERN,-122.4100657,37.774990679
65197,20140707,12:02:00.000000,VEHICLE THEFT,Monday,TARAVAL,-122.4616831,37.725189723
16724,20150220,19:30:00.000000,LARCENY/THEFT,Friday,TENDERLOIN,-122.4080649,37.786902181
67864,20140624,11:10:00.000000,NON-CRIMINAL,Tuesday,TENDERLOIN,-122.4092684,37.783799872
70664,20140609,22:00:00.000000,LARCENY/THEFT,Monday,BAYVIEW,-122.4105268,37.719252637
67739,20140624,17:50:00.000000,LARCENY/THEFT,Tuesday,SOUTHERN,-122.3880074,37.787102724
62640,20140713,18:35:00.000000,DRUG/NARCOTIC,Sunday,NORTHERN,-122.4178854,37.785437847
91004,20140223,19:00:00.000000,NON-CRIMINAL,Sunday,MISSION,-122.4184481,37.752239165
25802,20150109,11:30:00.000000,FRAUD,Friday,PARK,-122.4426414,37.7626761
13495,20150307,00:11:00.000000,FRAUD,Saturday,SOUTHERN,-122.4066905,37.785207191
3806,20150427,07:15:00.000000,BURGLARY,Monday,RICHMOND,-122.4384211,37.786875897
29068,20141224,19:00:00.000000,VEHICLE THEFT,Wednesday,BAYVIEW,-122.3927627,37.730731359
35442,20141124,15:59:00.000000,OTHER OFFENSES,Monday,SOUTHERN,-122.3936227,37.783079119
46551,20141001,13:00:00.000000,LARCENY/THEFT,Wednesday,NORTHERN,-122.4165834,37.778659154
82140,20140414,01:45:00.000000,DRUNKENNESS,Monday,MISSION,-122.4350028,37.760887806
24649,20150119,02:35:00.000000,OTHER OFFENSES,Monday,TARAVAL,-122.454756,37.713257907
46854,20140930,18:46:00.000000,DRUNKENNESS,Tuesday,PARK,-122.4453467,37.770208195
26676,20150107,07:30:00.000000,LARCENY/THEFT,Wednesday,NORTHERN,-122.421861,37.788011631
66044,20140628,18:40:00.000000,LARCENY/THEFT,Saturday,RICHMOND,-122.4649447,37.774384171
4234,20150419,04:15:00.000000,KIDNAPPING,Sunday,BAYVIEW,-122.3755129,37.730806609
24499,20150119,13:00:00.000000,SECONDARY CODES,Monday,RICHMOND,-122.4701744,37.780626924
17390,20150219,10:26:00.000000,OTHER OFFENSES,Thursday,SOUTHERN,-122.4034047,37.775420706
71433,20140531,19:30:00.000000,LARCENY/THEFT,Saturday,SOUTHERN,-122.4034047,37.775420706
15369,20150302,20:51:00.000000,OTHER OFFENSES,Monday,CENTRAL,-122.402194,37.790039129
33444,20141129,16:50:00.000000,OTHER OFFENSES,Saturday,SOUTHERN,-122.4087106,37.780970672
50810,20140907,05:20:00.000000,OTHER OFFENSES,Sunday,INGLESIDE,-122.4534098,37.731529679
91887,20140221,17:00:00.000000,NON-CRIMINAL,Friday,TARAVAL,-122.4681174,37.738900014
67257,20140625,22:00:00.000000,LARCENY/THEFT,Wednesday,PARK,-122.4344589,37.774946714
54537,20140822,15:30:00.000000,LARCENY/THEFT,Friday,SOUTHERN,-122.4034047,37.775420706
89374,20140306,17:39:00.000000,DRUG/NARCOTIC,Thursday,PARK,-122.4600216,37.766234751
93499,20140217,18:10:00.000000,SECONDARY CODES,Monday,SOUTHERN,-122.4073826,37.783371636
22411,20150124,06:30:00.000000,LARCENY/THEFT,Saturday,TARAVAL,-122.4616831,37.725189723
19971,20150205,22:00:00.000000,ASSAULT,Thursday,NORTHERN,-122.4231809,37.773930994
73045,20140527,16:00:00.000000,LARCENY/THEFT,Tuesday,NORTHERN,-122.4260771,37.788018555
69146,20140614,00:01:00.000000,VEHICLE THEFT,Saturday,BAYVIEW,-122.4047875,37.737655993
34599,20141126,16:00:00.000000,OTHER OFFENSES,Wednesday,BAYVIEW,-122.4040675,37.7235253
25940,20150109,00:30:00.000000,ASSAULT,Friday,TENDERLOIN,-122.4082016,37.786884911
15094,20150303,15:52:00.000000,OTHER OFFENSES,Tuesday,TARAVAL,-122.4632415,37.726791843
18355,20150217,00:01:00.000000,ASSAULT,Tuesday,MISSION,-122.4217476,37.76274366
30202,20141222,01:49:00.000000,NON-CRIMINAL,Monday,TARAVAL,-122.4897245,37.758311708
44324,20141013,15:00:00.000000,LARCENY/THEFT,Monday,TENDERLOIN,-122.4078453,37.785094321
44173,20141013,20:35:00.000000,DRUG/NARCOTIC,Monday,NORTHERN,-122.4210543,37.775693883
5486,20150416,09:20:00.000000,SUSPICIOUS OCC,Thursday,INGLESIDE,-122.4298016,37.730381954
94746,20140207,16:15:00.000000,OTHER OFFENSES,Friday,MISSION,-122.4210828,37.764910844
35317,20141124,21:40:00.000000,VEHICLE THEFT,Monday,CENTRAL,-122.4070856,37.798151367
28291,20141227,02:03:00.000000,DISORDERLY CONDUCT,Saturday,TENDERLOIN,-122.411615,37.78316141
53801,20140824,00:30:00.000000,VEHICLE THEFT,Sunday,RICHMOND,-122.4701599,37.77412828
59751,20140727,15:00:00.000000,ASSAULT,Sunday,SOUTHERN,-122.3950624,37.785993064
92028,20140221,10:15:00.000000,MISSING PERSON,Friday,INGLESIDE,-122.4125061,37.745680288
30393,20141214,16:45:00.000000,LARCENY/THEFT,Sunday,SOUTHERN,-122.3949434,37.791842469
68064,20140623,20:00:00.000000,LARCENY/THEFT,Monday,PARK,-122.4374998,37.766581761
62790,20140713,09:00:00.000000,WARRANTS,Sunday,NORTHERN,-122.4286523,37.792373233
38265,20141110,19:37:00.000000,ROBBERY,Monday,TARAVAL,-122.4918643,37.759168664
35435,20141124,16:15:00.000000,LARCENY/THEFT,Monday,SOUTHERN,-122.4042701,37.784478853
48546,20140919,21:00:00.000000,LARCENY/THEFT,Friday,PARK,-122.4504115,37.759595063
43470,20141015,13:20:00.000000,LARCENY/THEFT,Wednesday,CENTRAL,-122.4130564,37.787645311
86480,20140320,14:00:00.000000,NON-CRIMINAL,Thursday,SOUTHERN,-122.4034047,37.775420706
56579,20140810,18:45:00.000000,NON-CRIMINAL,Sunday,PARK,-122.4382737,37.781620073
9926,20150322,11:20:00.000000,LARCENY/THEFT,Sunday,NORTHERN,-122.4482784,37.804271887
26794,20150106,20:55:00.000000,VANDALISM,Tuesday,SOUTHERN,-122.3883798,37.783310406
4551,20150418,14:00:00.000000,LARCENY/THEFT,Saturday,SOUTHERN,-122.4142178,37.77423917
19578,20150206,21:00:00.000000,NON-CRIMINAL,Friday,SOUTHERN,-122.4087106,37.780970672
19108,20150208,03:00:00.000000,BURGLARY,Sunday,NORTHERN,-122.4304628,37.771866712
85041,20140323,23:00:00.000000,VEHICLE THEFT,Sunday,INGLESIDE,-122.4269217,37.72806566
1376,20150503,10:30:00.000000,LARCENY/THEFT,Sunday,CENTRAL,-122.403532,37.804968886
39133,20141101,17:10:00.000000,ASSAULT,Saturday,CENTRAL,-122.4086566,37.797468624
9462,20150330,15:22:00.000000,LARCENY/THEFT,Monday,SOUTHERN,-122.4116261,37.778589574
94774,20140207,15:00:00.000000,VEHICLE THEFT,Friday,BAYVIEW,-122.3899441,37.732002359
87942,20140317,02:14:00.000000,OTHER OFFENSES,Monday,TARAVAL,-122.4771723,37.763558459
6508,20150413,19:00:00.000000,VANDALISM,Monday,SOUTHERN,-122.3903215,37.788134187
83927,20140402,20:25:00.000000,LARCENY/THEFT,Wednesday,CENTRAL,-122.3996894,37.797806523
70782,20140609,16:30:00.000000,NON-CRIMINAL,Monday,INGLESIDE,-122.4542692,37.710483019
81899,20140414,19:20:00.000000,FRAUD,Monday,TARAVAL,-122.4756474,37.728528062
17947,20150217,22:00:00.000000,VEHICLE THEFT,Tuesday,MISSION,-122.410478,37.76624632
96842,20140126,10:30:00.000000,NON-CRIMINAL,Sunday,RICHMOND,-122.5110542,37.771338782
29542,20141223,17:00:00.000000,LARCENY/THEFT,Tuesday,TARAVAL,-122.4740699,37.751523146
1195,20150503,19:30:00.000000,LARCENY/THEFT,Sunday,SOUTHERN,-122.3980634,37.779565846
74884,20140516,09:00:00.000000,SEX OFFENSES FORCIBLE,Friday,TENDERLOIN,-122.4098537,37.783386237
92128,20140221,01:26:00.000000,NON-CRIMINAL,Friday,NORTHERN,-122.4189255,37.781473352
70086,20140611,14:26:00.000000,OTHER OFFENSES,Wednesday,TENDERLOIN,-122.410157,37.784297384
15946,20150222,13:00:00.000000,BURGLARY,Sunday,MISSION,-122.432198,37.765110732
15570,20150302,12:03:00.000000,NON-CRIMINAL,Monday,MISSION,-122.432198,37.765110732
60456,20140725,20:00:00.000000,OTHER OFFENSES,Friday,CENTRAL,-122.4065922,37.787567301
35368,20141124,19:16:00.000000,DRUG/NARCOTIC,Monday,TENDERLOIN,-122.414302,37.781863316
77732,20140501,21:07:00.000000,DRUG/NARCOTIC,Thursday,SOUTHERN,-122.4059189,37.775135864
54741,20140822,01:55:00.000000,OTHER OFFENSES,Friday,SOUTHERN,-122.4085183,37.773760403
91369,20140222,20:30:00.000000,BURGLARY,Saturday,NORTHERN,-122.4325304,37.803214032
11913,20150317,19:00:00.000000,VANDALISM,Tuesday,CENTRAL,-122.4200539,37.804526805
79673,20140419,23:54:00.000000,VANDALISM,Saturday,PARK,-122.4453467,37.770208195
54921,20140821,18:00:00.000000,LARCENY/THEFT,Thursday,SOUTHERN,-122.4180253,37.775981972
79918,20140419,14:00:00.000000,VEHICLE THEFT,Saturday,NORTHERN,-122.4311912,37.767595139
42090,20141018,18:00:00.000000,ASSAULT,Saturday,CENTRAL,-122.4058622,37.79791171
24531,20150119,12:00:00.000000,BURGLARY,Monday,NORTHERN,-122.4454349,37.803959434
48793,20140919,11:55:00.000000,OTHER OFFENSES,Friday,TENDERLOIN,-122.4156696,37.782119848
72177,20140529,20:00:00.000000,VEHICLE THEFT,Thursday,RICHMOND,-122.4835558,37.785869049
22059,20150125,01:00:00.000000,LARCENY/THEFT,Sunday,NORTHERN,-122.4203269,37.788452157
55369,20140820,15:30:00.000000,LARCENY/THEFT,Wednesday,PARK,-122.4466129,37.782245822
84135,20140402,10:42:00.000000,LARCENY/THEFT,Wednesday,BAYVIEW,-122.3995512,37.763622119
95676,20140205,09:20:00.000000,LARCENY/THEFT,Wednesday,RICHMOND,-122.4662046,37.772540539
7502,20150404,09:36:00.000000,NON-CRIMINAL,Saturday,RICHMOND,-122.4712502,37.78057886
78566,20140429,20:12:00.000000,ASSAULT,Tuesday,BAYVIEW,-122.3947199,37.763314073
17134,20150219,23:00:00.000000,VEHICLE THEFT,Thursday,MISSION,-122.4159543,37.749172963
11163,20150319,16:08:00.000000,WEAPON LAWS,Thursday,SOUTHERN,-122.3949858,37.777090953
78505,20140430,00:06:00.000000,OTHER OFFENSES,Wednesday,INGLESIDE,-122.4410181,37.716458683
94953,20140206,23:30:00.000000,PROSTITUTION,Thursday,MISSION,-122.413045,37.758940205
38119,20141111,08:33:00.000000,WARRANTS,Tuesday,MISSION,-122.4065391,37.75648641
22073,20150125,00:10:00.000000,OTHER OFFENSES,Sunday,CENTRAL,-122.4100635,37.787754553
41868,20141019,05:45:00.000000,VEHICLE THEFT,Sunday,SOUTHERN,-122.4096963,37.781754058
3627,20150427,17:30:00.000000,ASSAULT,Monday,INGLESIDE,-122.4352128,37.720585298
25743,20150109,13:45:00.000000,NON-CRIMINAL,Friday,MISSION,-122.4307942,37.751557499
18168,20150217,15:00:00.000000,SUSPICIOUS OCC,Tuesday,TENDERLOIN,-122.4098537,37.783386237
41179,20141027,22:25:00.000000,ROBBERY,Monday,SOUTHERN,-122.400316,37.790099627
69403,20140613,12:00:00.000000,OTHER OFFENSES,Friday,MISSION,-122.432198,37.765110732
35506,20141124,14:00:00.000000,VEHICLE THEFT,Monday,MISSION,-122.413147,37.754954048
67514,20140625,09:30:00.000000,LARCENY/THEFT,Wednesday,SOUTHERN,-122.4186983,37.775589413
45009,20141004,22:30:00.000000,ROBBERY,Saturday,SOUTHERN,-122.4109392,37.779212259
86581,20140320,08:00:00.000000,OTHER OFFENSES,Thursday,TARAVAL,-122.4763839,37.731053642
2574,20150430,09:22:00.000000,NON-CRIMINAL,Thursday,MISSION,-122.4210578,37.766598778
15435,20150302,18:48:00.000000,NON-CRIMINAL,Monday,RICHMOND,-122.4612028,37.782102099
97743,20140124,11:45:00.000000,BURGLARY,Friday,INGLESIDE,-122.4184075,37.735022453
14203,20150305,14:00:00.000000,OTHER OFFENSES,Thursday,BAYVIEW,-122.3861007,37.738002011
15534,20150302,14:20:00.000000,LARCENY/THEFT,Monday,CENTRAL,-122.3989194,37.796953574
13324,20150307,12:24:00.000000,LARCENY/THEFT,Saturday,CENTRAL,-122.4090551,37.787197959
43815,20141014,17:30:00.000000,OTHER OFFENSES,Tuesday,TARAVAL,-122.4648595,37.714345286
24276,20150119,21:00:00.000000,NON-CRIMINAL,Monday,INGLESIDE,-122.4405841,37.728339544
70186,20140611,08:48:00.000000,NON-CRIMINAL,Wednesday,NORTHERN,-122.4345391,37.792031414
9376,20150330,18:55:00.000000,LARCENY/THEFT,Monday,SOUTHERN,-122.3959859,37.77883482
97419,20140125,01:03:00.000000,LARCENY/THEFT,Saturday,INGLESIDE,-122.4078738,37.71414339
36925,20141114,07:45:00.000000,VANDALISM,Friday,NORTHERN,-122.4189401,37.786049223
97787,20140124,09:25:00.000000,ASSAULT,Friday,NORTHERN,-122.4167699,37.779584577
69089,20140614,05:00:00.000000,MISSING PERSON,Saturday,TARAVAL,-122.5068933,37.744464173
44345,20141013,14:11:00.000000,ROBBERY,Monday,RICHMOND,-122.4922313,37.778763254
50206,20140915,21:50:00.000000,ASSAULT,Monday,BAYVIEW,-122.3914348,37.738127093
48172,20140920,18:23:00.000000,NON-CRIMINAL,Saturday,SOUTHERN,-122.4139805,37.775568732
38587,20141110,00:15:00.000000,ROBBERY,Monday,RICHMOND,-122.4547763,37.78624264
84340,20140401,19:30:00.000000,NON-CRIMINAL,Tuesday,PARK,-122.451993,37.774088474
78300,20140430,16:44:00.000000,ASSAULT,Wednesday,PARK,-122.447783,37.76995495
33100,20141130,17:30:00.000000,TRESPASS,Sunday,TARAVAL,-122.4801422,37.737296942
33618,20141129,07:00:00.000000,OTHER OFFENSES,Saturday,RICHMOND,-122.4717622,37.773137056
13473,20150307,01:08:00.000000,ASSAULT,Saturday,PARK,-122.4527063,37.76921567
91738,20140221,21:53:00.000000,WARRANTS,Friday,NORTHERN,-122.4185805,37.788190605
15824,20150222,18:15:00.000000,LARCENY/THEFT,Sunday,RICHMOND,-122.439874,37.785247161
776,20150511,19:32:00.000000,MISSING PERSON,Monday,SOUTHERN,-122.4112791,37.771578576
24299,20150119,20:00:00.000000,BURGLARY,Monday,MISSION,-122.423483,37.757158528
28707,20141226,01:50:00.000000,LARCENY/THEFT,Friday,TENDERLOIN,-122.4146152,37.784689282
78715,20140429,13:30:00.000000,VANDALISM,Tuesday,NORTHERN,-122.4385083,37.799411102
37184,20141113,16:00:00.000000,VANDALISM,Thursday,BAYVIEW,-122.3875713,37.760549956
68583,20140615,14:38:00.000000,NON-CRIMINAL,Sunday,SOUTHERN,-122.4087106,37.780970672
91129,20140223,14:00:00.000000,MISSING PERSON,Sunday,MISSION,-122.4196717,37.765050121
5884,20150415,11:20:00.000000,LARCENY/THEFT,Wednesday,INGLESIDE,-122.4399184,37.737790388
58623,20140806,13:31:00.000000,NON-CRIMINAL,Wednesday,SOUTHERN,-122.4080525,37.78156683
83092,20140404,20:00:00.000000,LARCENY/THEFT,Friday,MISSION,-122.4359649,37.760012242
41252,20141027,19:10:00.000000,LARCENY/THEFT,Monday,NORTHERN,-122.4231683,37.777815744
79515,20140420,13:03:00.000000,ASSAULT,Sunday,MISSION,-122.4339043,37.76095528
18910,20150208,17:00:00.000000,NON-CRIMINAL,Sunday,NORTHERN,-122.4313434,37.778741223
27046,20150106,09:35:00.000000,SUSPICIOUS OCC,Tuesday,SOUTHERN,-122.4034047,37.775420706
19973,20150205,21:45:00.000000,LARCENY/THEFT,Thursday,CENTRAL,-122.423025,37.806272872
71348,20140601,00:01:00.000000,SUSPICIOUS OCC,Sunday,INGLESIDE,-122.4529154,37.735578379
18,20150513,21:55:00.000000,ASSAULT,Wednesday,INGLESIDE,-122.4216815,37.7428222
50094,20140916,08:00:00.000000,FRAUD,Tuesday,RICHMOND,-122.4632101,37.782014448
61749,20140722,19:00:00.000000,BURGLARY,Tuesday,BAYVIEW,-122.4010355,37.753263566
6952,20150405,15:30:00.000000,LARCENY/THEFT,Sunday,TENDERLOIN,-122.4118001,37.784089036
5758,20150415,17:00:00.000000,NON-CRIMINAL,Wednesday,RICHMOND,-122.490586,37.785686414
73190,20140527,09:00:00.000000,NON-CRIMINAL,Tuesday,MISSION,-122.4208176,37.754487822
31048,20141212,22:40:00.000000,LARCENY/THEFT,Friday,SOUTHERN,-122.4042701,37.784478853
56444,20140818,00:01:00.000000,VANDALISM,Monday,MISSION,-122.4073734,37.762542744
41390,20141027,14:00:00.000000,LARCENY/THEFT,Monday,NORTHERN,-122.4329146,37.784353342
445,20150512,19:00:00.000000,BURGLARY,Tuesday,MISSION,-122.4191389,37.748573131
94907,20140207,06:00:00.000000,LARCENY/THEFT,Friday,INGLESIDE,-122.4408328,37.709825513
17707,20150218,15:30:00.000000,MISSING PERSON,Wednesday,NORTHERN,-122.4363282,37.80175154
24967,20150111,07:30:00.000000,MISSING PERSON,Sunday,CENTRAL,-122.3970103,37.793640423
63863,20140710,15:00:00.000000,MISSING PERSON,Thursday,MISSION,-122.4066049,37.757158043
82850,20140405,12:00:00.000000,ROBBERY,Saturday,TARAVAL,-122.4561398,37.7218453
51704,20140905,06:00:00.000000,NON-CRIMINAL,Friday,CENTRAL,-122.4176729,37.788124273
96924,20140126,02:00:00.000000,LARCENY/THEFT,Sunday,TENDERLOIN,-122.4097562,37.786912692
19353,20150207,14:00:00.000000,LARCENY/THEFT,Saturday,BAYVIEW,-122.3937652,37.763654746
74605,20140516,22:30:00.000000,LARCENY/THEFT,Friday,PARK,-122.4333331,37.766661783
3370,20150428,10:00:00.000000,MISSING PERSON,Tuesday,TENDERLOIN,-122.415885,37.783516056
83682,20140403,12:30:00.000000,LARCENY/THEFT,Thursday,NORTHERN,-122.4213958,37.785684338
85551,20140322,19:00:00.000000,LARCENY/THEFT,Saturday,TENDERLOIN,-122.4107687,37.783214519
22876,20150123,09:46:00.000000,ARSON,Friday,MISSION,-122.4125943,37.748166005
45699,20141003,14:41:00.000000,ASSAULT,Friday,INGLESIDE,-122.4116741,37.718754293
30604,20141213,23:45:00.000000,VEHICLE THEFT,Saturday,CENTRAL,-122.4104595,37.798371444
96484,20140203,09:32:00.000000,DRUG/NARCOTIC,Monday,SOUTHERN,-122.4125153,37.780477748
61061,20140724,13:00:00.000000,NON-CRIMINAL,Thursday,NORTHERN,-122.4321162,37.780030435
45443,20141004,00:05:00.000000,VEHICLE THEFT,Saturday,TARAVAL,-122.4846523,37.733251386
38729,20141102,17:00:00.000000,LARCENY/THEFT,Sunday,CENTRAL,-122.4129904,37.80670868
65542,20140629,18:00:00.000000,MISSING PERSON,Sunday,CENTRAL,-122.4158057,37.808212006
11787,20150317,23:51:00.000000,DRUG/NARCOTIC,Tuesday,MISSION,-122.4095299,37.765718439
7699,20150403,20:00:00.000000,ASSAULT,Friday,TARAVAL,-122.4701043,37.741423708
69873,20140612,01:10:00.000000,ASSAULT,Thursday,PARK,-122.4383677,37.777794808
53560,20140824,16:20:00.000000,LARCENY/THEFT,Sunday,TARAVAL,-122.5071917,37.743533772
76562,20140504,20:30:00.000000,LARCENY/THEFT,Sunday,CENTRAL,-122.4105247,37.807445116
16301,20150221,17:00:00.000000,NON-CRIMINAL,Saturday,CENTRAL,-122.4097916,37.798508348
72110,20140529,22:55:00.000000,OTHER OFFENSES,Thursday,TARAVAL,-122.4748991,37.72699053
12317,20150316,19:03:00.000000,OTHER OFFENSES,Monday,NORTHERN,-122.418382,37.783258377
46502,20141001,15:50:00.000000,LARCENY/THEFT,Wednesday,SOUTHERN,-122.4110714,37.78175113
34225,20141127,15:45:00.000000,LARCENY/THEFT,Thursday,SOUTHERN,-122.4089535,37.783287873
32417,20141209,13:20:00.000000,LARCENY/THEFT,Tuesday,RICHMOND,-122.4701744,37.780626924
68114,20140623,17:59:00.000000,DRUG/NARCOTIC,Monday,PARK,-122.4385278,37.77921664
31936,20141210,16:50:00.000000,ROBBERY,Wednesday,NORTHERN,-122.4387232,37.800558355
40147,20141030,11:30:00.000000,LARCENY/THEFT,Thursday,CENTRAL,-122.4107742,37.808435017
11784,20150318,00:01:00.000000,FRAUD,Wednesday,PARK,-122.4410442,37.778349255
38261,20141110,20:00:00.000000,NON-CRIMINAL,Monday,PARK,-122.454403,37.773817829
20301,20150205,03:15:00.000000,SECONDARY CODES,Thursday,PARK,-122.4365923,37.773183331
55162,20140820,23:40:00.000000,PROSTITUTION,Wednesday,MISSION,-122.4121739,37.762916776
46788,20140930,22:00:00.000000,NON-CRIMINAL,Tuesday,RICHMOND,-122.4591568,37.784420905
52639,20140902,23:00:00.000000,BURGLARY,Tuesday,TENDERLOIN,-122.407244,37.78656476
10207,20150321,18:50:00.000000,LARCENY/THEFT,Saturday,CENTRAL,-122.4068319,37.796902883
36380,20141115,12:00:00.000000,VEHICLE THEFT,Saturday,BAYVIEW,-122.3997725,37.733678926
11576,20150318,15:30:00.000000,LARCENY/THEFT,Wednesday,SOUTHERN,-122.4005932,37.787602468
55081,20140821,09:30:00.000000,NON-CRIMINAL,Thursday,RICHMOND,-122.4693801,37.784541543
10011,20150322,03:15:00.000000,VANDALISM,Sunday,CENTRAL,-122.4113245,37.806804272
50855,20140907,01:55:00.000000,DRIVING UNDER THE INFLUENCE,Sunday,SOUTHERN,-122.388778,37.780764353
88459,20140308,20:00:00.000000,NON-CRIMINAL,Saturday,PARK,-122.4372355,37.772204193
52729,20140902,18:29:00.000000,OTHER OFFENSES,Tuesday,SOUTHERN,-122.40307,37.78526863
64430,20140709,09:23:00.000000,DRUG/NARCOTIC,Wednesday,NORTHERN,-122.4198424,37.782117259
87310,20140318,16:55:00.000000,OTHER OFFENSES,Tuesday,BAYVIEW,-122.3954038,37.731497885
39064,20141101,19:45:00.000000,DRUG/NARCOTIC,Saturday,NORTHERN,-122.4241093,37.782475642
80805,20140417,13:00:00.000000,LARCENY/THEFT,Thursday,TARAVAL,-122.4856037,37.738821432
58824,20140805,23:30:00.000000,OTHER OFFENSES,Tuesday,INGLESIDE,-122.4417331,37.718150478
69628,20140612,19:30:00.000000,OTHER OFFENSES,Thursday,NORTHERN,-122.418382,37.783258377
90893,20140303,01:30:00.000000,ASSAULT,Monday,TENDERLOIN,-122.4132375,37.782843023
24413,20150119,16:00:00.000000,NON-CRIMINAL,Monday,SOUTHERN,-122.4034047,37.775420706
60893,20140724,20:00:00.000000,BURGLARY,Thursday,RICHMOND,-122.513642,37.778469219
35283,20141125,00:20:00.000000,ROBBERY,Tuesday,CENTRAL,-122.4245035,37.805234673
88701,20140308,06:55:00.000000,VANDALISM,Saturday,TENDERLOIN,-122.4159106,37.783999916
42956,20141016,18:00:00.000000,WEAPON LAWS,Thursday,CENTRAL,-122.4071493,37.806426731
47925,20140921,07:05:00.000000,ASSAULT,Sunday,BAYVIEW,-122.3793453,37.735741906
3001,20150429,10:00:00.000000,OTHER OFFENSES,Wednesday,PARK,-122.45771,37.765687349
63861,20140710,15:06:00.000000,NON-CRIMINAL,Thursday,MISSION,-122.4196717,37.765050121
85089,20140323,20:17:00.000000,NON-CRIMINAL,Sunday,MISSION,-122.4199834,37.768272676
59167,20140805,01:40:00.000000,WARRANTS,Tuesday,MISSION,-122.435012,37.761767718
73709,20140518,22:00:00.000000,LARCENY/THEFT,Sunday,PARK,-122.4467572,37.753184517
23327,20150122,07:41:00.000000,SECONDARY CODES,Thursday,BAYVIEW,-122.3909717,37.734015218
95832,20140204,21:00:00.000000,VEHICLE THEFT,Tuesday,BAYVIEW,-122.392779,37.735038267
5712,20150415,18:15:00.000000,LARCENY/THEFT,Wednesday,CENTRAL,-122.417265,37.807073051
13472,20150307,01:30:00.000000,VANDALISM,Saturday,RICHMOND,-122.4601388,37.783134728
54695,20140822,07:45:00.000000,FRAUD,Friday,TENDERLOIN,-122.4163519,37.781603143
79113,20140428,13:14:00.000000,VEHICLE THEFT,Monday,CENTRAL,-122.4130327,37.794776291
93053,20140218,18:00:00.000000,LARCENY/THEFT,Tuesday,SOUTHERN,-122.4034047,37.775420706
83043,20140404,21:47:00.000000,OTHER OFFENSES,Friday,SOUTHERN,-122.3940647,37.792537817
33320,20141129,22:30:00.000000,NON-CRIMINAL,Saturday,CENTRAL,-122.4108091,37.799771283
29424,20141223,21:00:00.000000,BURGLARY,Tuesday,RICHMOND,-122.4502085,37.778165484
78687,20140429,15:00:00.000000,NON-CRIMINAL,Tuesday,SOUTHERN,-122.4136845,37.777798462
56328,20140818,10:30:00.000000,BURGLARY,Monday,SOUTHERN,-122.4034047,37.775420706
2916,20150429,13:40:00.000000,LARCENY/THEFT,Wednesday,CENTRAL,-122.4107216,37.787096649
24265,20150119,21:30:00.000000,NON-CRIMINAL,Monday,NORTHERN,-122.4220627,37.789920001
55015,20140821,13:10:00.000000,ROBBERY,Thursday,INGLESIDE,-122.4110997,37.746857104
58328,20140807,02:35:00.000000,ASSAULT,Thursday,MISSION,-122.4361153,37.760822839
91277,20140223,00:01:00.000000,SEX OFFENSES FORCIBLE,Sunday,SOUTHERN,-122.4061096,37.772590983
77918,20140501,13:40:00.000000,LARCENY/THEFT,Thursday,MISSION,-122.421436,37.755267047
49696,20140917,08:00:00.000000,WEAPON LAWS,Wednesday,PARK,-122.4347994,37.781057835
77074,20140503,14:28:00.000000,DRUG/NARCOTIC,Saturday,TENDERLOIN,-122.414949,37.779256519
70548,20140610,08:30:00.000000,NON-CRIMINAL,Tuesday,SOUTHERN,-122.3950624,37.785993064
85448,20140322,23:03:00.000000,OTHER OFFENSES,Saturday,NORTHERN,-122.4354927,37.797086961
21932,20150125,13:00:00.000000,LARCENY/THEFT,Sunday,SOUTHERN,-122.4016586,37.784166688
73403,20140526,16:50:00.000000,OTHER OFFENSES,Monday,TARAVAL,-122.4754068,37.739324154
6808,20150405,23:01:00.000000,MISSING PERSON,Sunday,RICHMOND,-122.4629405,37.776329258
85953,20140321,20:00:00.000000,LARCENY/THEFT,Friday,BAYVIEW,-122.3897689,37.730563692
89373,20140306,17:39:00.000000,DRUG/NARCOTIC,Thursday,PARK,-122.4600216,37.766234751
67028,20140626,16:00:00.000000,NON-CRIMINAL,Thursday,SOUTHERN,-122.4080683,37.783991676
97169,20140125,17:00:00.000000,ASSAULT,Saturday,TARAVAL,-122.5086855,37.75532818
61081,20140724,12:00:00.000000,OTHER OFFENSES,Thursday,TARAVAL,-122.4822539,37.743679816
99873,20140112,01:03:00.000000,FORGERY/COUNTERFEITING,Sunday,SOUTHERN,-122.4154487,37.77829352
87848,20140317,11:00:00.000000,NON-CRIMINAL,Monday,SOUTHERN,-122.4034047,37.775420706
96669,20140126,17:51:00.000000,ASSAULT,Sunday,SOUTHERN,-122.3944836,37.780158464
36474,20141115,03:00:00.000000,ASSAULT,Saturday,INGLESIDE,-122.4470113,37.718619549
47479,20140929,08:15:00.000000,BURGLARY,Monday,BAYVIEW,-122.3933115,37.758910112
37876,20141111,20:30:00.000000,VANDALISM,Tuesday,SOUTHERN,-122.4096627,37.776510259
30400,20141214,16:15:00.000000,LARCENY/THEFT,Sunday,CENTRAL,-122.418111,37.807019999
73766,20140518,19:00:00.000000,LARCENY/THEFT,Sunday,NORTHERN,-122.4210967,37.78429378
56695,20140810,15:00:00.000000,LARCENY/THEFT,Sunday,PARK,-122.4370994,37.780352215
50596,20140907,20:16:00.000000,OTHER OFFENSES,Sunday,TARAVAL,-122.4760525,37.763607455
85474,20140322,22:17:00.000000,LARCENY/THEFT,Saturday,NORTHERN,-122.4327069,37.783290941
59091,20140805,09:05:00.000000,NON-CRIMINAL,Tuesday,MISSION,-122.4308834,37.765110583
86371,20140320,19:00:00.000000,LARCENY/THEFT,Thursday,MISSION,-122.4187487,37.755437187
39177,20141101,15:00:00.000000,LARCENY/THEFT,Saturday,INGLESIDE,-122.431018,37.732943286
38756,20141102,16:00:00.000000,SECONDARY CODES,Sunday,NORTHERN,-122.4251896,37.779409573
63979,20140710,10:00:00.000000,VANDALISM,Thursday,BAYVIEW,-122.4034086,37.727005319
42322,20141018,03:05:00.000000,ASSAULT,Saturday,MISSION,-122.4190588,37.75942275
76981,20140503,18:59:00.000000,OTHER OFFENSES,Saturday,MISSION,-122.4108109,37.751091417
36030,20141116,02:30:00.000000,NON-CRIMINAL,Sunday,SOUTHERN,-122.4049744,37.778933787
66382,20140627,23:33:00.000000,NON-CRIMINAL,Friday,NORTHERN,-122.4201912,37.783870392
56566,20140810,19:05:00.000000,ASSAULT,Sunday,SOUTHERN,-122.4110714,37.78175113
28825,20141225,16:50:00.000000,VEHICLE THEFT,Thursday,CENTRAL,-122.4162596,37.806186121
65052,20140707,18:00:00.000000,VEHICLE THEFT,Monday,INGLESIDE,-122.4374544,37.737734045
97524,20140124,21:00:00.000000,OTHER OFFENSES,Friday,CENTRAL,-122.4167011,37.804274885
23140,20150122,17:07:00.000000,OTHER OFFENSES,Thursday,BAYVIEW,-122.4044992,37.764664459
96325,20140203,17:00:00.000000,BURGLARY,Monday,TENDERLOIN,-122.4148504,37.785608758
43884,20141014,14:48:00.000000,SUSPICIOUS OCC,Tuesday,MISSION,-122.4329162,37.750505591
18679,20150216,10:45:00.000000,LARCENY/THEFT,Monday,NORTHERN,-122.4319795,37.780047852
5647,20150415,20:45:00.000000,SEX OFFENSES FORCIBLE,Wednesday,CENTRAL,-122.4075397,37.792249177
93792,20140209,23:45:00.000000,STOLEN PROPERTY,Sunday,BAYVIEW,-122.389889,37.721046319
88300,20140309,01:48:00.000000,DRIVING UNDER THE INFLUENCE,Sunday,INGLESIDE,-122.4332314,37.723932079
27018,20150106,11:00:00.000000,LARCENY/THEFT,Tuesday,CENTRAL,-122.4111355,37.80587011
27689,20141228,17:30:00.000000,LARCENY/THEFT,Sunday,CENTRAL,-122.411953,37.805824294
76385,20140512,13:30:00.000000,NON-CRIMINAL,Monday,TARAVAL,-122.4675752,37.716160287
57711,20140808,14:26:00.000000,WARRANTS,Friday,NORTHERN,-122.4281385,37.78327672
5561,20150416,01:03:00.000000,NON-CRIMINAL,Thursday,NORTHERN,-122.4194862,37.78874808
71811,20140530,19:30:00.000000,VEHICLE THEFT,Friday,BAYVIEW,-122.3799423,37.725799441
71095,20140601,17:37:00.000000,OTHER OFFENSES,Sunday,INGLESIDE,-122.4216444,37.742997014
2099,20150501,11:59:00.000000,LARCENY/THEFT,Friday,SOUTHERN,-122.4100657,37.774990679
3567,20150427,19:30:00.000000,WARRANTS,Monday,BAYVIEW,-122.4048304,37.730794591
31708,20141211,06:00:00.000000,SECONDARY CODES,Thursday,BAYVIEW,-122.3808985,37.733225639
39299,20141101,08:00:00.000000,NON-CRIMINAL,Saturday,BAYVIEW,-122.3803483,37.728827625
29455,20141223,20:00:00.000000,LARCENY/THEFT,Tuesday,TARAVAL,-122.4789388,37.715084513
92130,20140221,01:20:00.000000,OTHER OFFENSES,Friday,NORTHERN,-122.4225169,37.791288989
81266,20140416,12:30:00.000000,DRUG/NARCOTIC,Wednesday,NORTHERN,-122.4179039,37.785167087
13393,20150307,08:00:00.000000,OTHER OFFENSES,Saturday,RICHMOND,-122.4783032,37.779397486
50409,20140915,11:35:00.000000,SUSPICIOUS OCC,Monday,PARK,-122.4336614,37.775465227
67953,20140624,02:00:00.000000,NON-CRIMINAL,Tuesday,INGLESIDE,-122.4367444,37.723809628
66126,20140628,16:30:00.000000,NON-CRIMINAL,Saturday,SOUTHERN,-122.4143178,37.779944405
38906,20141102,03:30:00.000000,VEHICLE THEFT,Sunday,SOUTHERN,-122.4196649,37.773892563
41142,20141028,02:23:00.000000,LARCENY/THEFT,Tuesday,INGLESIDE,-122.428257,37.737742823
41951,20141018,23:30:00.000000,LARCENY/THEFT,Saturday,SOUTHERN,-122.4131805,37.769762011
67119,20140626,10:00:00.000000,VEHICLE THEFT,Thursday,TARAVAL,-122.4729466,37.744398312
86395,20140320,17:55:00.000000,OTHER OFFENSES,Thursday,MISSION,-122.4234122,37.757566951
22714,20150123,18:00:00.000000,VANDALISM,Friday,INGLESIDE,-122.4195315,37.72971967
50211,20140915,21:30:00.000000,NON-CRIMINAL,Monday,CENTRAL,-122.415055,37.804480175
61723,20140722,20:00:00.000000,VEHICLE THEFT,Tuesday,MISSION,-122.4065391,37.75648641
75116,20140515,17:10:00.000000,LARCENY/THEFT,Thursday,CENTRAL,-122.4099872,37.797510904
15659,20150302,07:30:00.000000,BURGLARY,Monday,PARK,-122.4436731,37.778563997
98922,20140121,15:41:00.000000,WARRANTS,Tuesday,INGLESIDE,-122.4359169,37.729837134
88992,20140307,14:25:00.000000,OTHER OFFENSES,Friday,INGLESIDE,-122.4410181,37.716458683
26932,20150106,15:00:00.000000,NON-CRIMINAL,Tuesday,TARAVAL,-122.4853016,37.758506796
27403,20150105,12:00:00.000000,LARCENY/THEFT,Monday,RICHMOND,-122.4419957,37.791468173
40059,20141030,15:12:00.000000,NON-CRIMINAL,Thursday,CENTRAL,-122.412907,37.789578362
7732,20150403,19:00:00.000000,LARCENY/THEFT,Friday,TENDERLOIN,-122.4149005,37.782741962
11915,20150317,18:51:00.000000,WARRANTS,Tuesday,TENDERLOIN,-122.415436,37.784585134
98793,20140121,22:10:00.000000,OTHER OFFENSES,Tuesday,SOUTHERN,-122.4058326,37.781557157
59917,20140727,03:15:00.000000,NON-CRIMINAL,Sunday,NORTHERN,-122.4202119,37.788222542
83709,20140403,11:45:00.000000,OTHER OFFENSES,Thursday,TARAVAL,-122.4861159,37.753812947
85567,20140322,18:20:00.000000,OTHER OFFENSES,Saturday,TENDERLOIN,-122.4080404,37.786409403
18511,20150216,17:12:00.000000,NON-CRIMINAL,Monday,SOUTHERN,-122.4085951,37.78370693
97413,20140125,01:30:00.000000,SUSPICIOUS OCC,Saturday,SOUTHERN,-122.4102935,37.782230587
43259,20141015,22:50:00.000000,ASSAULT,Wednesday,SOUTHERN,-122.3898981,37.774898193
44245,20141013,17:09:00.000000,DRUG/NARCOTIC,Monday,NORTHERN,-122.4179039,37.785167087
70619,20140610,00:05:00.000000,ASSAULT,Tuesday,INGLESIDE,-122.4054261,37.745738601
44823,20141005,11:43:00.000000,DRUG/NARCOTIC,Sunday,SOUTHERN,-122.4119356,37.780006442
62531,20140713,23:30:00.000000,NON-CRIMINAL,Sunday,INGLESIDE,-122.4168605,37.735250365
9396,20150330,18:00:00.000000,BURGLARY,Monday,BAYVIEW,-122.4027567,37.748110812
50573,20140907,21:46:00.000000,NON-CRIMINAL,Sunday,BAYVIEW,-122.4169177,37.722825198
41384,20141027,14:20:00.000000,FRAUD,Monday,SOUTHERN,-122.403434,37.78764305
14732,20150304,11:06:00.000000,OTHER OFFENSES,Wednesday,INGLESIDE,-122.442669,37.725359913
45568,20141003,19:30:00.000000,LARCENY/THEFT,Friday,CENTRAL,-122.4089449,37.793872142
99568,20140112,22:16:00.000000,WARRANTS,Sunday,MISSION,-122.4065391,37.75648641
59095,20140805,09:00:00.000000,NON-CRIMINAL,Tuesday,CENTRAL,-122.4108934,37.803150752
66539,20140627,17:00:00.000000,VEHICLE THEFT,Friday,MISSION,-122.4374019,37.751032462
4558,20150418,13:30:00.000000,LARCENY/THEFT,Saturday,TENDERLOIN,-122.4153179,37.780717928
63260,20140712,01:28:00.000000,SUSPICIOUS OCC,Saturday,CENTRAL,-122.4050654,37.798013474
50335,20140915,15:30:00.000000,VEHICLE THEFT,Monday,MISSION,-122.4062068,37.76722534
47370,20140929,13:15:00.000000,NON-CRIMINAL,Monday,PARK,-122.4436064,37.77430639
88528,20140308,17:00:00.000000,VANDALISM,Saturday,SOUTHERN,-122.4096963,37.781754058
75497,20140514,18:30:00.000000,NON-CRIMINAL,Wednesday,TARAVAL,-122.4760398,37.732690598
13014,20150308,00:30:00.000000,BURGLARY,Sunday,NORTHERN,-122.4261936,37.775783738
40134,20141030,11:51:00.000000,ARSON,Thursday,SOUTHERN,-122.4153221,37.776718358
4670,20150418,06:30:00.000000,NON-CRIMINAL,Saturday,BAYVIEW,-122.3941177,37.75251029
81674,20140415,11:50:00.000000,ASSAULT,Tuesday,TENDERLOIN,-122.4064278,37.787109454
72276,20140529,16:00:00.000000,MISSING PERSON,Thursday,INGLESIDE,-122.4198171,37.74057166
76032,20140513,12:00:00.000000,SUSPICIOUS OCC,Tuesday,NORTHERN,-122.4360492,37.799841222
73643,20140526,02:55:00.000000,LARCENY/THEFT,Monday,SOUTHERN,-122.4136845,37.777798462
85050,20140323,22:20:00.000000,ASSAULT,Sunday,INGLESIDE,-122.4342633,37.725496914
23203,20150122,14:20:00.000000,MISSING PERSON,Thursday,RICHMOND,-122.5045575,37.77907403
33496,20141129,14:20:00.000000,LARCENY/THEFT,Saturday,NORTHERN,-122.4206606,37.79009982
51162,20140906,13:40:00.000000,ASSAULT,Saturday,MISSION,-122.4185967,37.753838204
8452,20150402,00:57:00.000000,DRUG/NARCOTIC,Thursday,INGLESIDE,-122.4235806,37.739884956
25811,20150109,10:45:00.000000,ASSAULT,Friday,SOUTHERN,-122.4100416,37.781953653
52966,20140902,06:50:00.000000,ASSAULT,Tuesday,MISSION,-122.4064634,37.753636505
69483,20140613,08:00:00.000000,MISSING PERSON,Friday,MISSION,-122.408208,37.757732759
33034,20141130,20:28:00.000000,LARCENY/THEFT,Sunday,PARK,-122.4445242,37.770370433
51978,20140904,16:30:00.000000,NON-CRIMINAL,Thursday,PARK,-122.4469333,37.770006198
24985,20150111,04:10:00.000000,ASSAULT,Sunday,TENDERLOIN,-122.4103234,37.785122522
96062,20140204,11:15:00.000000,WARRANTS,Tuesday,SOUTHERN,-122.4087106,37.780970672
43257,20141015,22:52:00.000000,WARRANTS,Wednesday,BAYVIEW,-122.3991748,37.746978102
23747,20150121,04:15:00.000000,LARCENY/THEFT,Wednesday,CENTRAL,-122.4201109,37.796094078
27410,20150105,11:49:00.000000,SUSPICIOUS OCC,Monday,INGLESIDE,-122.4332707,37.730926746
28698,20141226,02:30:00.000000,MISSING PERSON,Friday,BAYVIEW,-122.3904,37.759108682
55934,20140819,07:40:00.000000,NON-CRIMINAL,Tuesday,SOUTHERN,-122.4034047,37.775420706
40685,20141029,09:10:00.000000,NON-CRIMINAL,Wednesday,SOUTHERN,-122.3917695,37.782167017
25415,20150110,04:40:00.000000,WARRANTS,Saturday,INGLESIDE,-122.4332759,37.726006482
86447,20140320,15:35:00.000000,NON-CRIMINAL,Thursday,CENTRAL,-122.3989194,37.796953574
68890,20140614,18:00:00.000000,NON-CRIMINAL,Saturday,TARAVAL,-122.4748552,37.731065025
98999,20140121,11:44:00.000000,WARRANTS,Tuesday,BAYVIEW,-122.3928993,37.728490423
29259,20141224,11:00:00.000000,LARCENY/THEFT,Wednesday,CENTRAL,-122.4007865,37.795779987
62400,20140721,10:30:00.000000,DRUG/NARCOTIC,Monday,TARAVAL,-122.481744,37.738395054
68859,20140614,19:20:00.000000,WARRANTS,Saturday,SOUTHERN,-122.4109392,37.779212259
40133,20141030,11:55:00.000000,WARRANTS,Thursday,CENTRAL,-122.4115404,37.787409835
32497,20141209,09:00:00.000000,BURGLARY,Tuesday,TARAVAL,-122.4725916,37.720086819
52579,20140903,08:19:00.000000,DRUG/NARCOTIC,Wednesday,MISSION,-122.4196583,37.76422056
51232,20140906,09:00:00.000000,SUSPICIOUS OCC,Saturday,BAYVIEW,-122.3888087,37.719857423
51298,20140906,01:29:00.000000,DRUG/NARCOTIC,Saturday,MISSION,-122.4133982,37.768670926
31263,20141212,15:00:00.000000,FRAUD,Friday,CENTRAL,-122.4164773,37.786795408
24759,20150111,20:00:00.000000,VEHICLE THEFT,Sunday,TENDERLOIN,-122.4150668,37.783563479
88927,20140307,17:24:00.000000,OTHER OFFENSES,Friday,NORTHERN,-122.4197398,37.785892609
47739,20140921,16:00:00.000000,LARCENY/THEFT,Sunday,CENTRAL,-122.4146138,37.806392787
31547,20141211,18:00:00.000000,LARCENY/THEFT,Thursday,TENDERLOIN,-122.415885,37.783516056
75968,20140513,15:05:00.000000,DRUG/NARCOTIC,Tuesday,CENTRAL,-122.4050257,37.79250834
80175,20140418,21:28:00.000000,NON-CRIMINAL,Friday,BAYVIEW,-122.3993693,37.732997743
82202,20140406,22:05:00.000000,ASSAULT,Sunday,PARK,-122.4582208,37.763312396
91610,20140222,08:23:00.000000,NON-CRIMINAL,Saturday,NORTHERN,-122.4297412,37.797764571
30298,20141214,20:50:00.000000,OTHER OFFENSES,Sunday,TARAVAL,-122.4741709,37.716656972
94646,20140207,19:30:00.000000,MISSING PERSON,Friday,MISSION,-122.4066049,37.757158043
2470,20150430,15:00:00.000000,ASSAULT,Thursday,NORTHERN,-122.429369,37.775110346
84088,20140402,13:00:00.000000,MISSING PERSON,Wednesday,TARAVAL,-122.4591724,37.747286682
57606,20140808,18:00:00.000000,LARCENY/THEFT,Friday,TARAVAL,-122.465037,37.740651272
69616,20140612,20:00:00.000000,NON-CRIMINAL,Thursday,SOUTHERN,-122.4016922,37.786064674
2446,20150430,16:00:00.000000,SECONDARY CODES,Thursday,SOUTHERN,-122.4034047,37.775420706
95135,20140206,16:00:00.000000,LARCENY/THEFT,Thursday,TENDERLOIN,-122.407244,37.78656476
11858,20150317,21:00:00.000000,LARCENY/THEFT,Tuesday,SOUTHERN,-122.3976155,37.777391824
59867,20140727,10:00:00.000000,MISSING PERSON,Sunday,MISSION,-122.4174994,37.753084671
1720,20150502,13:00:00.000000,MISSING PERSON,Saturday,SOUTHERN,-122.4105411,37.770913056
72909,20140527,21:20:00.000000,ASSAULT,Tuesday,CENTRAL,-122.3969623,37.796347873
6491,20150413,19:30:00.000000,LARCENY/THEFT,Monday,SOUTHERN,-122.3946701,37.795331186
15240,20150303,08:30:00.000000,BURGLARY,Tuesday,TARAVAL,-122.4907969,37.75826439
65847,20140629,00:31:00.000000,LARCENY/THEFT,Sunday,SOUTHERN,-122.4119794,37.780903969
56300,20140818,11:35:00.000000,OTHER OFFENSES,Monday,NORTHERN,-122.4240595,37.773875856
98700,20140122,08:00:00.000000,BURGLARY,Wednesday,CENTRAL,-122.4195705,37.805878089
15196,20150303,11:27:00.000000,ASSAULT,Tuesday,CENTRAL,-122.4082473,37.787843256
56168,20140818,16:30:00.000000,NON-CRIMINAL,Monday,SOUTHERN,-122.4065209,37.785062942
69358,20140613,14:25:00.000000,STOLEN PROPERTY,Friday,SOUTHERN,-122.4154141,37.770261843
30610,20141213,23:30:00.000000,LARCENY/THEFT,Saturday,SOUTHERN,-122.4018463,37.779032413
88267,20140309,04:15:00.000000,DRIVING UNDER THE INFLUENCE,Sunday,PARK,-122.4394807,37.78330881
93427,20140217,21:00:00.000000,VEHICLE THEFT,Monday,SOUTHERN,-122.3890154,37.785805626
15516,20150302,15:32:00.000000,FRAUD,Monday,SOUTHERN,-122.4076335,37.78418935
65069,20140707,17:35:00.000000,NON-CRIMINAL,Monday,NORTHERN,-122.428464,37.77910677
33284,20141130,00:20:00.000000,ROBBERY,Sunday,NORTHERN,-122.4258049,37.790872742
6038,20150415,00:01:00.000000,VEHICLE THEFT,Wednesday,BAYVIEW,-122.3972581,37.765046024
31153,20141212,19:00:00.000000,NON-CRIMINAL,Friday,TENDERLOIN,-122.4129305,37.783834437
44318,20141013,15:23:00.000000,TRESPASS,Monday,INGLESIDE,-122.4116031,37.736359767
54512,20140822,16:10:00.000000,LARCENY/THEFT,Friday,SOUTHERN,-122.4053593,37.785977476
28182,20141227,13:43:00.000000,OTHER OFFENSES,Saturday,MISSION,-122.4195203,37.764228935
10488,20150321,00:01:00.000000,OTHER OFFENSES,Saturday,BAYVIEW,-122.3905219,37.737543983
69906,20140611,23:46:00.000000,ASSAULT,Wednesday,BAYVIEW,-122.3931196,37.734751564
27419,20150105,11:00:00.000000,NON-CRIMINAL,Monday,CENTRAL,-122.4064787,37.795145086
17225,20150219,18:30:00.000000,LARCENY/THEFT,Thursday,MISSION,-122.4196717,37.765050121
55300,20140820,18:00:00.000000,ASSAULT,Wednesday,SOUTHERN,-122.4034047,37.775420706
68026,20140623,21:00:00.000000,LARCENY/THEFT,Monday,SOUTHERN,-122.4071658,37.774904302
18838,20150208,20:45:00.000000,LARCENY/THEFT,Sunday,RICHMOND,-122.4825919,37.780188144
10271,20150321,16:30:00.000000,LARCENY/THEFT,Saturday,PARK,-122.4443106,37.769442786
12200,20150317,00:43:00.000000,WARRANTS,Tuesday,MISSION,-122.419864,37.756155947
74972,20140515,23:47:00.000000,BURGLARY,Thursday,INGLESIDE,-122.4127413,37.7123588
42241,20141018,12:00:00.000000,MISSING PERSON,Saturday,TENDERLOIN,-122.407244,37.78656476
43422,20141015,16:00:00.000000,LARCENY/THEFT,Wednesday,SOUTHERN,-122.400455,37.770781709
1954,20150501,19:06:00.000000,FRAUD,Friday,SOUTHERN,-122.4034047,37.775420706
76863,20140504,00:01:00.000000,LARCENY/THEFT,Sunday,SOUTHERN,-122.4065209,37.785062942
92304,20140220,16:30:00.000000,SUSPICIOUS OCC,Thursday,INGLESIDE,-122.4534587,37.731444003
95183,20140206,13:48:00.000000,NON-CRIMINAL,Thursday,SOUTHERN,-122.4034047,37.775420706
87760,20140317,15:00:00.000000,LARCENY/THEFT,Monday,NORTHERN,-122.4208746,37.791494305
64871,20140708,07:00:00.000000,OTHER OFFENSES,Tuesday,TENDERLOIN,-122.414406,37.784190715
3021,20150429,09:00:00.000000,NON-CRIMINAL,Wednesday,NORTHERN,-122.4321162,37.780030435
89088,20140307,10:30:00.000000,NON-CRIMINAL,Friday,MISSION,-122.411747,37.751035032
77105,20140503,12:15:00.000000,SUSPICIOUS OCC,Saturday,SOUTHERN,-122.413532,37.77345468
59137,20140805,03:40:00.000000,OTHER OFFENSES,Tuesday,MISSION,-122.4190526,37.758632405
65391,20140629,22:53:00.000000,ROBBERY,Sunday,BAYVIEW,-122.4020596,37.721277787
94514,20140208,01:51:00.000000,SUSPICIOUS OCC,Saturday,SOUTHERN,-122.4221275,37.773033018
69727,20140612,14:51:00.000000,OTHER OFFENSES,Thursday,BAYVIEW,-122.380944,37.73876582
5245,20150416,20:31:00.000000,OTHER OFFENSES,Thursday,INGLESIDE,-122.4047089,37.719964243
48977,20140918,21:37:00.000000,ASSAULT,Thursday,TARAVAL,-122.4492396,37.71745922
67776,20140624,16:08:00.000000,ASSAULT,Tuesday,BAYVIEW,-122.3955132,37.753617853
32375,20141209,15:00:00.000000,BURGLARY,Tuesday,CENTRAL,-122.4140952,37.790384691
96838,20140126,10:43:00.000000,NON-CRIMINAL,Sunday,PARK,-122.4422596,37.764219445
31460,20141211,23:00:00.000000,VEHICLE THEFT,Thursday,INGLESIDE,-122.4113723,37.739830909
99894,20140112,00:01:00.000000,LARCENY/THEFT,Sunday,NORTHERN,-122.435751,37.798728217
75502,20140514,18:20:00.000000,OTHER OFFENSES,Wednesday,SOUTHERN,-122.4020758,37.769884262
16876,20150220,14:02:00.000000,LARCENY/THEFT,Friday,TENDERLOIN,-122.4064278,37.787109454
85708,20140322,12:30:00.000000,VANDALISM,Saturday,MISSION,-122.4133541,37.7690748
74898,20140516,07:40:00.000000,NON-CRIMINAL,Friday,PARK,-122.4471474,37.771405805
66284,20140628,07:50:00.000000,SUSPICIOUS OCC,Saturday,SOUTHERN,-122.4050713,37.77806837
54780,20140821,23:44:00.000000,OTHER OFFENSES,Thursday,BAYVIEW,-122.3900272,37.776299788
63695,20140710,23:30:00.000000,LARCENY/THEFT,Thursday,MISSION,-122.4192121,37.761024416
11375,20150319,01:30:00.000000,ROBBERY,Thursday,MISSION,-122.4209031,37.762623756
5726,20150415,18:00:00.000000,LARCENY/THEFT,Wednesday,SOUTHERN,-122.4045875,37.78673168
13250,20150307,15:13:00.000000,WEAPON LAWS,Saturday,SOUTHERN,-122.4078771,37.780387501
47278,20140929,17:30:00.000000,LARCENY/THEFT,Monday,NORTHERN,-122.437329,37.797812208
38789,20141102,14:24:00.000000,OTHER OFFENSES,Sunday,SOUTHERN,-122.4192578,37.775146291
22920,20150123,06:00:00.000000,LARCENY/THEFT,Friday,PARK,-122.4344452,37.779301954
78214,20140430,20:06:00.000000,ASSAULT,Wednesday,SOUTHERN,-122.4034047,37.775420706
65842,20140629,00:45:00.000000,ROBBERY,Sunday,CENTRAL,-122.409061,37.796678663
48116,20140920,20:00:00.000000,OTHER OFFENSES,Saturday,CENTRAL,-122.4089735,37.803387055
24176,20150120,03:21:00.000000,NON-CRIMINAL,Tuesday,PARK,-122.4535345,37.769166297
50807,20140907,06:00:00.000000,ROBBERY,Sunday,SOUTHERN,-122.4119794,37.780903969
87167,20140319,00:10:00.000000,ASSAULT,Wednesday,INGLESIDE,-122.4171079,37.712256182
77782,20140501,19:00:00.000000,VEHICLE THEFT,Thursday,PARK,-122.4421494,37.775452339
63975,20140710,10:15:00.000000,TRESPASS,Thursday,MISSION,-122.4066049,37.757158043
65743,20140629,11:00:00.000000,MISSING PERSON,Sunday,PARK,-122.4586801,37.748155469
49958,20140916,13:45:00.000000,VEHICLE THEFT,Tuesday,SOUTHERN,-122.3987585,37.776568769
35611,20141124,09:30:00.000000,MISSING PERSON,Monday,INGLESIDE,-122.4341573,37.715400305
95497,20140205,17:00:00.000000,ASSAULT,Wednesday,SOUTHERN,-122.4005932,37.787602468
88749,20140308,01:00:00.000000,LARCENY/THEFT,Saturday,MISSION,-122.4190588,37.75942275
43837,20141014,16:24:00.000000,STOLEN PROPERTY,Tuesday,BAYVIEW,-122.4180731,37.728468743
38320,20141110,18:00:00.000000,NON-CRIMINAL,Monday,SOUTHERN,-122.3923085,37.776692278
70398,20140610,15:50:00.000000,WARRANTS,Tuesday,INGLESIDE,-122.4477123,37.728331081
80157,20140418,22:30:00.000000,LARCENY/THEFT,Friday,SOUTHERN,-122.3909765,37.79007123
446,20150512,19:00:00.000000,VANDALISM,Tuesday,CENTRAL,-122.4085074,37.791092684
83941,20140402,19:40:00.000000,VANDALISM,Wednesday,SOUTHERN,-122.4080301,37.779128537
49697,20140917,08:00:00.000000,EMBEZZLEMENT,Wednesday,TENDERLOIN,-122.407244,37.78656476
6940,20150405,16:00:00.000000,LARCENY/THEFT,Sunday,TARAVAL,-122.494957,37.760963989
66120,20140628,16:30:00.000000,MISSING PERSON,Saturday,SOUTHERN,-122.3655654,37.809670701
22634,20150123,20:37:00.000000,OTHER OFFENSES,Friday,SOUTHERN,-122.3957715,37.792430962
39108,20141101,18:00:00.000000,ROBBERY,Saturday,CENTRAL,-122.4107742,37.808435017
65915,20140628,22:27:00.000000,ASSAULT,Saturday,MISSION,-122.4207629,37.765040342
79514,20140420,13:03:00.000000,ASSAULT,Sunday,MISSION,-122.4339043,37.76095528
40648,20141029,11:00:00.000000,LARCENY/THEFT,Wednesday,RICHMOND,-122.4685722,37.773334663
61952,20140722,10:00:00.000000,NON-CRIMINAL,Tuesday,CENTRAL,-122.4118887,37.78880829
31966,20141210,16:00:00.000000,LARCENY/THEFT,Wednesday,TENDERLOIN,-122.407244,37.78656476
49878,20140916,17:20:00.000000,LARCENY/THEFT,Tuesday,NORTHERN,-122.4198849,37.778251083
46493,20141001,16:00:00.000000,LARCENY/THEFT,Wednesday,CENTRAL,-122.4065858,37.803631263
36432,20141115,08:00:00.000000,LARCENY/THEFT,Saturday,TARAVAL,-122.4784172,37.730147598
62628,20140713,19:00:00.000000,ROBBERY,Sunday,BAYVIEW,-122.3879394,37.742260051
47087,20140930,08:45:00.000000,VANDALISM,Tuesday,NORTHERN,-122.417982,37.781285369
80398,20140418,12:01:00.000000,ASSAULT,Friday,SOUTHERN,-122.4004735,37.785029061
53689,20140824,10:00:00.000000,LARCENY/THEFT,Sunday,RICHMOND,-122.4444109,37.786638131
54083,20140823,14:15:00.000000,NON-CRIMINAL,Saturday,CENTRAL,-122.4205641,37.806656782
37537,20141112,17:20:00.000000,LARCENY/THEFT,Wednesday,INGLESIDE,-122.4452383,37.718491262
82373,20140406,14:50:00.000000,NON-CRIMINAL,Sunday,MISSION,-122.4196583,37.76422056
87188,20140318,23:00:00.000000,VEHICLE THEFT,Tuesday,CENTRAL,-122.4001166,37.796904434
46681,20141001,05:30:00.000000,VEHICLE THEFT,Wednesday,INGLESIDE,-122.4055311,37.747359359
8078,20150402,22:45:00.000000,OTHER OFFENSES,Thursday,INGLESIDE,-122.4292498,37.722025046
96923,20140126,02:00:00.000000,NON-CRIMINAL,Sunday,TENDERLOIN,-122.4082707,37.785494142
10418,20150321,07:35:00.000000,ASSAULT,Saturday,NORTHERN,-122.4286512,37.780040206
12818,20150308,15:07:00.000000,NON-CRIMINAL,Sunday,SOUTHERN,-122.3938992,37.790301779
61341,20140723,18:35:00.000000,DISORDERLY CONDUCT,Wednesday,BAYVIEW,-122.3879394,37.742260051
58343,20140807,02:00:00.000000,SUSPICIOUS OCC,Thursday,NORTHERN,-122.4384832,37.801185016
11727,20150318,06:20:00.000000,ROBBERY,Wednesday,INGLESIDE,-122.4400066,37.721804883
16317,20150221,16:12:00.000000,NON-CRIMINAL,Saturday,MISSION,-122.4075797,37.760685359
51226,20140906,10:00:00.000000,NON-CRIMINAL,Saturday,TARAVAL,-122.4664426,37.765924529
76532,20140504,22:30:00.000000,VEHICLE THEFT,Sunday,INGLESIDE,-122.407298,37.746886838
32090,20141210,08:45:00.000000,SECONDARY CODES,Wednesday,BAYVIEW,-122.4006321,37.732048301
60266,20140726,08:00:00.000000,LARCENY/THEFT,Saturday,SOUTHERN,-122.3996254,37.783158501
23744,20150121,05:10:00.000000,OTHER OFFENSES,Wednesday,MISSION,-122.4269556,37.769247063
586,20150512,11:20:00.000000,ASSAULT,Tuesday,SOUTHERN,-122.4113395,37.781270743
56215,20140818,15:02:00.000000,OTHER OFFENSES,Monday,SOUTHERN,-122.405923,37.778673129
55783,20140819,15:49:00.000000,OTHER OFFENSES,Tuesday,SOUTHERN,-122.4097084,37.782827649
4936,20150417,16:40:00.000000,OTHER OFFENSES,Friday,TARAVAL,-122.4754846,37.738365565
29128,20141224,16:13:00.000000,SUSPICIOUS OCC,Wednesday,CENTRAL,-122.4170442,37.789595277
20114,20150205,15:35:00.000000,DRUG/NARCOTIC,Thursday,TENDERLOIN,-122.4151278,37.779787067
5311,20150416,18:00:00.000000,NON-CRIMINAL,Thursday,MISSION,-122.4390374,37.751046794
63441,20140711,16:40:00.000000,WARRANTS,Friday,CENTRAL,-122.4127772,37.786834389
53325,20140901,08:47:00.000000,NON-CRIMINAL,Monday,RICHMOND,-122.4832546,37.773530731
60236,20140726,10:30:00.000000,LARCENY/THEFT,Saturday,RICHMOND,-122.4476357,37.787099344
80313,20140418,16:20:00.000000,VANDALISM,Friday,SOUTHERN,-122.3989327,37.783784821
11393,20150319,00:01:00.000000,FRAUD,Thursday,TENDERLOIN,-122.4078453,37.785094321
57549,20140808,19:15:00.000000,BURGLARY,Friday,TARAVAL,-122.4799381,37.76523567
32503,20141209,08:37:00.000000,WARRANTS,Tuesday,BAYVIEW,-122.3826905,37.727426135
5312,20150416,18:00:00.000000,BURGLARY,Thursday,INGLESIDE,-122.4408987,37.730782163
32762,20141208,15:35:00.000000,DRUG/NARCOTIC,Monday,SOUTHERN,-122.4034047,37.775420706
66312,20140628,03:35:00.000000,ASSAULT,Saturday,RICHMOND,-122.490752,37.773188616
15091,20150303,15:55:00.000000,OTHER OFFENSES,Tuesday,NORTHERN,-122.4446126,37.795983761
4704,20150418,01:46:00.000000,WEAPON LAWS,Saturday,MISSION,-122.4197112,37.754556562
45065,20141004,20:42:00.000000,NON-CRIMINAL,Saturday,INGLESIDE,-122.4442793,37.715777792
31465,20141211,22:32:00.000000,OTHER OFFENSES,Thursday,INGLESIDE,-122.4269136,37.725150849
7826,20150403,15:48:00.000000,ASSAULT,Friday,NORTHERN,-122.4181565,37.786810373
3230,20150428,17:50:00.000000,VEHICLE THEFT,Tuesday,CENTRAL,-122.4069586,37.789434763
51093,20140906,16:20:00.000000,OTHER OFFENSES,Saturday,SOUTHERN,-122.4089535,37.783287873
32493,20141209,09:05:00.000000,SEX OFFENSES FORCIBLE,Tuesday,MISSION,-122.4065391,37.75648641
38344,20141110,16:40:00.000000,LARCENY/THEFT,Monday,CENTRAL,-122.4017747,37.801846485
15017,20150303,18:00:00.000000,LARCENY/THEFT,Tuesday,SOUTHERN,-122.4081629,37.780534538
79623,20140420,02:00:00.000000,LARCENY/THEFT,Sunday,SOUTHERN,-122.4036714,37.777032443
19979,20150205,21:30:00.000000,LARCENY/THEFT,Thursday,SOUTHERN,-122.3883798,37.783310406
87962,20140317,00:01:00.000000,NON-CRIMINAL,Monday,INGLESIDE,-122.4404617,37.718027355
47924,20140921,07:05:00.000000,ASSAULT,Sunday,BAYVIEW,-122.3793453,37.735741906
43291,20141015,21:40:00.000000,VANDALISM,Wednesday,TENDERLOIN,-122.4111419,37.785073619
21046,20150203,15:30:00.000000,LARCENY/THEFT,Tuesday,SOUTHERN,-122.4044078,37.781075963
98655,20140122,10:05:00.000000,OTHER OFFENSES,Wednesday,INGLESIDE,-122.426391,37.733674915
61442,20140723,13:55:00.000000,ROBBERY,Wednesday,SOUTHERN,-122.4034047,37.775420706
8507,20150401,21:30:00.000000,LARCENY/THEFT,Wednesday,CENTRAL,-122.4073422,37.791296451
99253,20140120,18:12:00.000000,DRUG/NARCOTIC,Monday,TENDERLOIN,-122.4098537,37.783386237
47036,20140930,11:20:00.000000,BURGLARY,Tuesday,BAYVIEW,-122.3983206,37.710904854
88977,20140307,15:20:00.000000,OTHER OFFENSES,Friday,PARK,-122.4642997,37.7660152
34972,20141125,19:00:00.000000,BURGLARY,Tuesday,TARAVAL,-122.4645907,37.73046846
61954,20140722,10:00:00.000000,ASSAULT,Tuesday,BAYVIEW,-122.3950984,37.721303094
27867,20141228,04:30:00.000000,BURGLARY,Sunday,MISSION,-122.4341161,37.75088711
81754,20140415,06:30:00.000000,WEAPON LAWS,Tuesday,BAYVIEW,-122.3740193,37.729203356
74846,20140516,11:26:00.000000,DRUG/NARCOTIC,Friday,NORTHERN,-122.4192748,37.783568053
86038,20140321,17:00:00.000000,MISSING PERSON,Friday,INGLESIDE,-122.4240644,37.738113753
83025,20140404,23:00:00.000000,VANDALISM,Friday,TARAVAL,-122.4851782,37.754775319
36047,20141116,01:50:00.000000,ASSAULT,Sunday,SOUTHERN,-122.405834,37.778254811
69838,20140612,07:30:00.000000,LARCENY/THEFT,Thursday,PARK,-122.443597,37.782643528
84148,20140402,09:58:00.000000,OTHER OFFENSES,Wednesday,NORTHERN,-122.4213958,37.785684338
40274,20141029,23:30:00.000000,VEHICLE THEFT,Wednesday,INGLESIDE,-122.4283913,37.730788119
42418,20141017,22:50:00.000000,MISSING PERSON,Friday,SOUTHERN,-122.4128381,37.777280688
10159,20150321,21:00:00.000000,NON-CRIMINAL,Saturday,TENDERLOIN,-122.4137536,37.78373004
82359,20140406,15:23:00.000000,NON-CRIMINAL,Sunday,SOUTHERN,-122.4066905,37.785207191
47991,20140921,00:15:00.000000,LARCENY/THEFT,Sunday,NORTHERN,-122.4345637,37.784150491
70496,20140610,10:55:00.000000,LARCENY/THEFT,Tuesday,SOUTHERN,-122.4066905,37.785207191
89478,20140306,14:00:00.000000,LARCENY/THEFT,Thursday,CENTRAL,-122.4071521,37.790365579
81120,20140416,18:00:00.000000,VEHICLE THEFT,Wednesday,INGLESIDE,-122.4032523,37.713430704
79958,20140419,12:40:00.000000,OTHER OFFENSES,Saturday,SOUTHERN,-122.4104056,37.778784148
43132,20141016,10:45:00.000000,MISSING PERSON,Thursday,MISSION,-122.4066049,37.757158043
6730,20150413,06:00:00.000000,VANDALISM,Monday,RICHMOND,-122.4931739,37.776821509
57345,20140809,03:20:00.000000,NON-CRIMINAL,Saturday,TENDERLOIN,-122.4115188,37.786940899
85103,20140323,19:33:00.000000,NON-CRIMINAL,Sunday,CENTRAL,-122.418094,37.794125446
91440,20140222,18:00:00.000000,BURGLARY,Saturday,RICHMOND,-122.4436574,37.791256702
64083,20140710,00:01:00.000000,FRAUD,Thursday,SOUTHERN,-122.402246,37.781088815
49557,20140917,15:56:00.000000,FRAUD,Wednesday,MISSION,-122.4095299,37.765718439
84269,20140401,22:36:00.000000,WARRANTS,Tuesday,CENTRAL,-122.4108828,37.787920937
33663,20141129,00:53:00.000000,ASSAULT,Saturday,NORTHERN,-122.4358892,37.798718353
12486,20150316,12:00:00.000000,LARCENY/THEFT,Monday,MISSION,-122.4065391,37.75648641
61108,20140724,10:45:00.000000,SEX OFFENSES FORCIBLE,Thursday,TARAVAL,-122.4820855,37.758648535
2749,20150429,20:00:00.000000,LARCENY/THEFT,Wednesday,SOUTHERN,-122.4097951,37.780035626
18146,20150217,15:33:00.000000,OTHER OFFENSES,Tuesday,MISSION,-122.406948,37.759367273
84226,20140402,01:45:00.000000,SUSPICIOUS OCC,Wednesday,RICHMOND,-122.4661846,37.784836929
92543,20140219,23:32:00.000000,DRUG/NARCOTIC,Wednesday,PARK,-122.4524374,37.772186878
41721,20141019,16:30:00.000000,LARCENY/THEFT,Sunday,SOUTHERN,-122.3973375,37.778893493
39942,20141030,20:10:00.000000,LARCENY/THEFT,Thursday,CENTRAL,-122.4031367,37.80263291
58387,20140806,23:30:00.000000,SEX OFFENSES FORCIBLE,Wednesday,BAYVIEW,-122.3876945,37.720555239
88172,20140309,13:00:00.000000,LARCENY/THEFT,Sunday,INGLESIDE,-122.43884,37.744459163
92555,20140219,23:00:00.000000,ASSAULT,Wednesday,BAYVIEW,-122.3901363,37.736803622
87319,20140318,16:20:00.000000,SUSPICIOUS OCC,Tuesday,NORTHERN,-122.4385553,37.799643918
57329,20140809,07:05:00.000000,WARRANTS,Saturday,MISSION,-122.432198,37.765110732
64909,20140708,00:30:00.000000,SUSPICIOUS OCC,Tuesday,TENDERLOIN,-122.4140562,37.782793107
67665,20140624,21:15:00.000000,VEHICLE THEFT,Tuesday,TARAVAL,-122.4703659,37.745157949
38634,20141102,22:00:00.000000,ROBBERY,Sunday,INGLESIDE,-122.4328047,37.721617911
27505,20150105,07:30:00.000000,MISSING PERSON,Monday,RICHMOND,-122.4919567,37.776876673
28718,20141226,00:55:00.000000,NON-CRIMINAL,Friday,NORTHERN,-122.4321162,37.780030435
27034,20150106,10:38:00.000000,DRUG/NARCOTIC,Tuesday,MISSION,-122.432198,37.765110732
34357,20141127,04:09:00.000000,STOLEN PROPERTY,Thursday,CENTRAL,-122.4000618,37.793693916
38864,20141102,10:17:00.000000,LARCENY/THEFT,Sunday,SOUTHERN,-122.413564,37.77951403
98479,20140122,18:00:00.000000,OTHER OFFENSES,Wednesday,RICHMOND,-122.4476821,37.791702816
2092,20150501,12:00:00.000000,NON-CRIMINAL,Friday,INGLESIDE,-122.4476074,37.716796139
76921,20140503,21:50:00.000000,ASSAULT,Saturday,BAYVIEW,-122.3896226,37.722854152
94571,20140207,22:30:00.000000,ASSAULT,Friday,RICHMOND,-122.46494,37.776238415
20870,20150203,21:40:00.000000,OTHER OFFENSES,Tuesday,RICHMOND,-122.451998,37.77805012
98500,20140122,17:00:00.000000,OTHER OFFENSES,Wednesday,MISSION,-122.4385042,37.750620843
15958,20150222,12:30:00.000000,SECONDARY CODES,Sunday,RICHMOND,-122.4526085,37.786568652
11525,20150318,17:20:00.000000,VANDALISM,Wednesday,CENTRAL,-122.4157796,37.807745426
52415,20140903,16:00:00.000000,LARCENY/THEFT,Wednesday,INGLESIDE,-122.4223856,37.747172843
43707,20141014,21:10:00.000000,WARRANTS,Tuesday,BAYVIEW,-122.4033996,37.764075662
38334,20141110,17:02:00.000000,NON-CRIMINAL,Monday,PARK,-122.4485784,37.769797716
67134,20140626,09:00:00.000000,NON-CRIMINAL,Thursday,INGLESIDE,-122.4332815,37.734566959
71038,20140601,21:00:00.000000,ASSAULT,Sunday,RICHMOND,-122.4700375,37.77876955
75031,20140515,20:53:00.000000,STOLEN PROPERTY,Thursday,NORTHERN,-122.4246887,37.785333964
66744,20140627,08:00:00.000000,MISSING PERSON,Friday,RICHMOND,-122.4919567,37.776876673
56709,20140810,14:30:00.000000,VEHICLE THEFT,Sunday,SOUTHERN,-122.4076931,37.780163069
28148,20141227,15:40:00.000000,LARCENY/THEFT,Saturday,NORTHERN,-122.4210119,37.783822694
24009,20150120,14:30:00.000000,OTHER OFFENSES,Tuesday,CENTRAL,-122.4018573,37.796626123
71735,20140530,23:00:00.000000,LARCENY/THEFT,Friday,INGLESIDE,-122.4110669,37.711408214
89662,20140306,02:00:00.000000,ASSAULT,Thursday,BAYVIEW,-122.3855191,37.730440709
76220,20140512,20:45:00.000000,NON-CRIMINAL,Monday,SOUTHERN,-122.413564,37.77951403
32226,20141209,21:30:00.000000,BURGLARY,Tuesday,SOUTHERN,-122.4069699,37.778661794
1788,20150502,07:45:00.000000,SUSPICIOUS OCC,Saturday,NORTHERN,-122.4329574,37.805162565
839,20150511,18:00:00.000000,LARCENY/THEFT,Monday,SOUTHERN,-122.4064819,37.782731788
83255,20140404,14:11:00.000000,SECONDARY CODES,Friday,SOUTHERN,-122.4203034,37.770896885
37632,20141112,12:20:00.000000,ASSAULT,Wednesday,TENDERLOIN,-122.4130699,37.782020425
12663,20150308,22:21:00.000000,OTHER OFFENSES,Sunday,MISSION,-122.419169,37.748137252
24866,20150111,14:29:00.000000,NON-CRIMINAL,Sunday,MISSION,-122.4310287,37.765867239
6728,20150413,07:00:00.000000,NON-CRIMINAL,Monday,MISSION,-122.4075383,37.765782754
22611,20150123,21:00:00.000000,LARCENY/THEFT,Friday,BAYVIEW,-122.3873162,37.758002166
40224,20141030,01:15:00.000000,ASSAULT,Thursday,CENTRAL,-122.4110688,37.788855704
76718,20140504,12:25:00.000000,NON-CRIMINAL,Sunday,PARK,-122.4503787,37.770036394
96993,20140125,23:00:00.000000,ASSAULT,Saturday,MISSION,-122.4190588,37.75942275
98737,20140122,01:51:00.000000,WARRANTS,Wednesday,MISSION,-122.4182892,37.750640293
83923,20140402,20:28:00.000000,OTHER OFFENSES,Wednesday,BAYVIEW,-122.3892863,37.731099892
23672,20150121,10:15:00.000000,DRUG/NARCOTIC,Wednesday,BAYVIEW,-122.3898656,37.737169944
28144,20141227,15:50:00.000000,VANDALISM,Saturday,TARAVAL,-122.5087402,37.762111322
96874,20140126,07:40:00.000000,NON-CRIMINAL,Sunday,CENTRAL,-122.4034758,37.793658838
39676,20141031,15:30:00.000000,LARCENY/THEFT,Friday,BAYVIEW,-122.384724,37.726756887
32892,20141208,08:55:00.000000,NON-CRIMINAL,Monday,BAYVIEW,-122.4060601,37.722977254
31059,20141212,22:30:00.000000,LARCENY/THEFT,Friday,SOUTHERN,-122.3997245,37.783235178
51954,20140904,17:10:00.000000,LARCENY/THEFT,Thursday,SOUTHERN,-122.4053593,37.785977476
11028,20150319,21:00:00.000000,ROBBERY,Thursday,SOUTHERN,-122.4087106,37.780970672
8035,20150403,01:15:00.000000,ASSAULT,Friday,TARAVAL,-122.4759645,37.745826884
47178,20140929,22:00:00.000000,NON-CRIMINAL,Monday,CENTRAL,-122.4077025,37.799663169
63651,20140711,02:09:00.000000,OTHER OFFENSES,Friday,SOUTHERN,-122.4080683,37.783991676
57675,20140808,15:15:00.000000,OTHER OFFENSES,Friday,TARAVAL,-122.4898512,37.761131039
32049,20141210,11:00:00.000000,NON-CRIMINAL,Wednesday,NORTHERN,-122.4321162,37.780030435
93028,20140218,18:41:00.000000,LARCENY/THEFT,Tuesday,RICHMOND,-122.4874292,37.780089412
96093,20140204,09:00:00.000000,SUSPICIOUS OCC,Tuesday,INGLESIDE,-122.4340958,37.716923394
10431,20150321,05:45:00.000000,BURGLARY,Saturday,INGLESIDE,-122.4129221,37.743830757
46111,20141002,14:10:00.000000,WARRANTS,Thursday,PARK,-122.4575075,37.771133235
6817,20150405,22:42:00.000000,LARCENY/THEFT,Sunday,SOUTHERN,-122.4135834,37.77704362
93808,20140209,23:02:00.000000,WEAPON LAWS,Sunday,BAYVIEW,-122.4055904,37.729777412
77912,20140501,14:00:00.000000,MISSING PERSON,Thursday,BAYVIEW,-122.3979837,37.730742486
89830,20140305,17:29:00.000000,DRUG/NARCOTIC,Wednesday,TENDERLOIN,-122.4140562,37.782793107
92181,20140220,20:49:00.000000,OTHER OFFENSES,Thursday,NORTHERN,-122.4208183,37.782894645
36989,20141114,00:30:00.000000,LARCENY/THEFT,Friday,NORTHERN,-122.4201203,37.78775706
429,20150512,19:44:00.000000,DRUG/NARCOTIC,Tuesday,RICHMOND,-122.4727078,37.777752884
90041,20140305,08:28:00.000000,NON-CRIMINAL,Wednesday,MISSION,-122.435012,37.761767718
54702,20140822,07:00:00.000000,MISSING PERSON,Friday,MISSION,-122.4174994,37.753084671
69648,20140612,18:40:00.000000,NON-CRIMINAL,Thursday,TENDERLOIN,-122.4072224,37.786456258
5661,20150415,20:15:00.000000,LARCENY/THEFT,Wednesday,SOUTHERN,-122.3943044,37.78009053
65359,20140707,00:01:00.000000,MISSING PERSON,Monday,TARAVAL,-122.4978962,37.754209177
5007,20150417,13:30:00.000000,LARCENY/THEFT,Friday,SOUTHERN,-122.4065084,37.78033132
59335,20140804,17:00:00.000000,BURGLARY,Monday,NORTHERN,-122.4468755,37.796125228
39674,20141031,15:30:00.000000,NON-CRIMINAL,Friday,SOUTHERN,-122.3962111,37.790761361
3955,20150419,20:00:00.000000,LARCENY/THEFT,Sunday,CENTRAL,-122.4121433,37.806757902
57272,20140809,11:00:00.000000,LARCENY/THEFT,Saturday,SOUTHERN,-122.3978165,37.784668065
92293,20140220,16:45:00.000000,LARCENY/THEFT,Thursday,SOUTHERN,-122.3944383,37.774853325
24012,20150120,14:29:00.000000,WARRANTS,Tuesday,NORTHERN,-122.4183601,37.783149897
15175,20150303,12:10:00.000000,OTHER OFFENSES,Tuesday,PARK,-122.454403,37.773817829
25148,20150110,19:30:00.000000,NON-CRIMINAL,Saturday,SOUTHERN,-122.4154441,37.778024567
36345,20141115,13:10:00.000000,WARRANTS,Saturday,TENDERLOIN,-122.4130479,37.781911962
54198,20140823,09:30:00.000000,WARRANTS,Saturday,NORTHERN,-122.4202119,37.788222542
84160,20140402,09:15:00.000000,NON-CRIMINAL,Wednesday,BAYVIEW,-122.3969353,37.73828092
39155,20141101,16:22:00.000000,WARRANTS,Saturday,TENDERLOIN,-122.4167107,37.783357039
62029,20140722,03:30:00.000000,SUSPICIOUS OCC,Tuesday,TENDERLOIN,-122.4125969,37.781119212
85839,20140322,00:10:00.000000,LARCENY/THEFT,Saturday,SOUTHERN,-122.3978495,37.779311707
80943,20140417,01:00:00.000000,NON-CRIMINAL,Thursday,BAYVIEW,-122.3871296,37.745069966
85955,20140321,20:00:00.000000,VEHICLE THEFT,Friday,PARK,-122.4427757,37.780594856
79499,20140420,14:00:00.000000,RUNAWAY,Sunday,MISSION,-122.4217476,37.76274366
59301,20140804,18:05:00.000000,ROBBERY,Monday,INGLESIDE,-122.4106212,37.746941146
31072,20141212,22:00:00.000000,VEHICLE THEFT,Friday,MISSION,-122.4195157,37.763429232
58832,20140805,23:00:00.000000,LARCENY/THEFT,Tuesday,SOUTHERN,-122.391425,37.777872779
15228,20150303,09:10:00.000000,TRESPASS,Tuesday,NORTHERN,-122.4214419,37.786851647
97191,20140125,16:30:00.000000,MISSING PERSON,Saturday,BAYVIEW,-122.3815607,37.738124183
90198,20140304,19:30:00.000000,VANDALISM,Tuesday,BAYVIEW,-122.3958102,37.7651891
28779,20141225,20:41:00.000000,STOLEN PROPERTY,Thursday,CENTRAL,-122.4066697,37.797864174
51889,20140904,19:00:00.000000,VEHICLE THEFT,Thursday,TARAVAL,-122.4976632,37.73552604
80619,20140417,21:00:00.000000,LARCENY/THEFT,Thursday,SOUTHERN,-122.424854,37.770747879
72782,20140528,09:46:00.000000,WARRANTS,Wednesday,BAYVIEW,-122.3900125,37.775404902
45911,20141002,23:30:00.000000,ASSAULT,Thursday,SOUTHERN,-122.403434,37.78764305
61322,20140723,19:06:00.000000,WARRANTS,Wednesday,PARK,-122.447783,37.76995495
39005,20141101,22:46:00.000000,OTHER OFFENSES,Saturday,SOUTHERN,-122.4034047,37.775420706
60586,20140725,15:27:00.000000,NON-CRIMINAL,Friday,NORTHERN,-122.4276104,37.775102516
79308,20140420,22:49:00.000000,NON-CRIMINAL,Sunday,NORTHERN,-122.4424196,37.801996342
34115,20141127,22:30:00.000000,VANDALISM,Thursday,SOUTHERN,-122.404517,37.784203741
50296,20140915,17:35:00.000000,OTHER OFFENSES,Monday,INGLESIDE,-122.4024596,37.712181727
16519,20150221,06:11:00.000000,ASSAULT,Saturday,TENDERLOIN,-122.4151205,37.781758936
36544,20141114,23:52:00.000000,OTHER OFFENSES,Friday,TENDERLOIN,-122.4109791,37.784625434
57058,20140809,19:00:00.000000,LARCENY/THEFT,Saturday,NORTHERN,-122.4217721,37.795946153
37594,20141112,14:30:00.000000,LARCENY/THEFT,Wednesday,SOUTHERN,-122.4034047,37.775420706
53575,20140824,16:00:00.000000,LARCENY/THEFT,Sunday,NORTHERN,-122.4330841,37.785149916
76729,20140504,12:00:00.000000,NON-CRIMINAL,Sunday,TARAVAL,-122.4897139,37.733949768
52053,20140904,13:15:00.000000,MISSING PERSON,Thursday,NORTHERN,-122.4194481,37.780209189
52369,20140903,17:30:00.000000,LARCENY/THEFT,Wednesday,CENTRAL,-122.4047936,37.788804548
22860,20150123,11:21:00.000000,ROBBERY,Friday,NORTHERN,-122.4242301,37.787178562
112,20150513,17:45:00.000000,SECONDARY CODES,Wednesday,CENTRAL,-122.4156326,37.78635878
41150,20141028,01:08:00.000000,DRIVING UNDER THE INFLUENCE,Tuesday,PARK,-122.4542866,37.772895161
82800,20140405,14:13:00.000000,LARCENY/THEFT,Saturday,SOUTHERN,-122.4076335,37.78418935
90332,20140304,14:36:00.000000,OTHER OFFENSES,Tuesday,PARK,-122.440341,37.783324248
47446,20140929,10:00:00.000000,DRUG/NARCOTIC,Monday,SOUTHERN,-122.401787,37.775373505
56761,20140810,12:00:00.000000,ASSAULT,Sunday,RICHMOND,-122.4841949,37.772565846
82073,20140414,10:00:00.000000,LARCENY/THEFT,Monday,SOUTHERN,-122.3982226,37.772016123
34682,20141126,12:30:00.000000,STOLEN PROPERTY,Wednesday,CENTRAL,-122.400772,37.791660455
21755,20150125,21:24:00.000000,SECONDARY CODES,Sunday,TENDERLOIN,-122.4148077,37.785502903
32867,20141208,10:30:00.000000,LARCENY/THEFT,Monday,SOUTHERN,-122.4186983,37.775589413
18918,20150208,16:29:00.000000,LARCENY/THEFT,Sunday,INGLESIDE,-122.4216444,37.742997014
65413,20140629,22:00:00.000000,VEHICLE THEFT,Sunday,TARAVAL,-122.4948529,37.739381878
92307,20140220,16:15:00.000000,NON-CRIMINAL,Thursday,BAYVIEW,-122.3879273,37.742703084
29792,20141222,23:30:00.000000,SUSPICIOUS OCC,Monday,TARAVAL,-122.4551365,37.723672203
94155,20140209,00:01:00.000000,NON-CRIMINAL,Sunday,NORTHERN,-122.4203269,37.788452157
3134,20150428,22:07:00.000000,WARRANTS,Tuesday,NORTHERN,-122.4310463,37.783029571
2898,20150429,14:16:00.000000,OTHER OFFENSES,Wednesday,TENDERLOIN,-122.4129937,37.785562969
30701,20141213,20:00:00.000000,LARCENY/THEFT,Saturday,SOUTHERN,-122.4097387,37.770348203
39336,20141101,03:15:00.000000,LARCENY/THEFT,Saturday,SOUTHERN,-122.4064819,37.782731788
86547,20140320,10:54:00.000000,LARCENY/THEFT,Thursday,TENDERLOIN,-122.41382,37.785738295
48453,20140920,01:25:00.000000,DRUG/NARCOTIC,Saturday,MISSION,-122.4075383,37.765782754
51319,20140906,00:11:00.000000,FRAUD,Saturday,RICHMOND,-122.4464553,37.789103972
81823,20140414,22:44:00.000000,NON-CRIMINAL,Monday,SOUTHERN,-122.4068418,37.77587129
91842,20140221,18:15:00.000000,DRUG/NARCOTIC,Friday,TENDERLOIN,-122.4112686,37.782250087
56271,20140818,12:50:00.000000,ROBBERY,Monday,CENTRAL,-122.4077485,37.793636354
66754,20140627,07:05:00.000000,ASSAULT,Friday,SOUTHERN,-122.4091383,37.77081941
75174,20140515,14:22:00.000000,SUSPICIOUS OCC,Thursday,TENDERLOIN,-122.4078453,37.785094321
59710,20140727,17:00:00.000000,OTHER OFFENSES,Sunday,MISSION,-122.4184491,37.753026751
9477,20150330,14:50:00.000000,SUSPICIOUS OCC,Monday,SOUTHERN,-122.4096963,37.781754058
79582,20140420,08:40:00.000000,FRAUD,Sunday,PARK,-122.4395601,37.7710042
31280,20141212,14:00:00.000000,VANDALISM,Friday,TARAVAL,-122.4496454,37.721080301
3599,20150427,18:55:00.000000,ASSAULT,Monday,BAYVIEW,-122.3965285,37.751729831
32179,20141210,00:01:00.000000,OTHER OFFENSES,Wednesday,CENTRAL,-122.4169921,37.788644217
19426,20150207,10:00:00.000000,VEHICLE THEFT,Saturday,MISSION,-122.4196717,37.765050121
68643,20140615,12:03:00.000000,NON-CRIMINAL,Sunday,INGLESIDE,-122.4149238,37.745800869
89823,20140305,18:00:00.000000,LARCENY/THEFT,Wednesday,TENDERLOIN,-122.4129705,37.785788376
49088,20140918,17:58:00.000000,NON-CRIMINAL,Thursday,PARK,-122.4351876,37.762670277
29043,20141224,20:24:00.000000,DRUG/NARCOTIC,Wednesday,CENTRAL,-122.4145768,37.789476807
54096,20140823,13:37:00.000000,OTHER OFFENSES,Saturday,PARK,-122.4448066,37.7765047
66534,20140627,17:00:00.000000,BURGLARY,Friday,INGLESIDE,-122.4435784,37.713795435
30062,20141222,12:34:00.000000,NON-CRIMINAL,Monday,INGLESIDE,-122.4431814,37.733777983
2541,20150430,12:00:00.000000,SUSPICIOUS OCC,Thursday,NORTHERN,-122.4234779,37.783453211
90183,20140304,20:25:00.000000,NON-CRIMINAL,Tuesday,CENTRAL,-122.4104595,37.798371444
26280,20150108,08:00:00.000000,NON-CRIMINAL,Thursday,TENDERLOIN,-122.4080404,37.786409403
96131,20140204,06:55:00.000000,LARCENY/THEFT,Tuesday,INGLESIDE,-122.4058733,37.745045779
98387,20140122,21:15:00.000000,ASSAULT,Wednesday,SOUTHERN,-122.3960394,37.788536818
3584,20150427,19:00:00.000000,LARCENY/THEFT,Monday,SOUTHERN,-122.3931106,37.777310321
7261,20150404,20:48:00.000000,SUSPICIOUS OCC,Saturday,TENDERLOIN,-122.4098537,37.783386237
37661,20141112,11:20:00.000000,OTHER OFFENSES,Wednesday,SOUTHERN,-122.4034047,37.775420706
50306,20140915,17:00:00.000000,ASSAULT,Monday,INGLESIDE,-122.405499,37.748154689
10739,20150320,15:00:00.000000,BURGLARY,Friday,NORTHERN,-122.4217455,37.795486487
62797,20140713,09:00:00.000000,ASSAULT,Sunday,CENTRAL,-122.4038403,37.791270012
41538,20141027,00:01:00.000000,FRAUD,Monday,SOUTHERN,-122.4154487,37.77829352
28561,20141226,13:34:00.000000,NON-CRIMINAL,Friday,CENTRAL,-122.4074349,37.787515874
47652,20140921,19:04:00.000000,LARCENY/THEFT,Sunday,INGLESIDE,-122.447125,37.721030591
91140,20140223,12:39:00.000000,NON-CRIMINAL,Sunday,INGLESIDE,-122.4250107,37.730878165
63476,20140711,15:20:00.000000,WARRANTS,Friday,TENDERLOIN,-122.4156424,37.778832315
16847,20150220,15:00:00.000000,LARCENY/THEFT,Friday,SOUTHERN,-122.4105411,37.770913056
96880,20140126,06:56:00.000000,OTHER OFFENSES,Sunday,CENTRAL,-122.416452,37.786308688
57578,20140808,18:30:00.000000,LARCENY/THEFT,Friday,RICHMOND,-122.4400403,37.786670244
72105,20140529,23:00:00.000000,NON-CRIMINAL,Thursday,MISSION,-122.4340361,37.763294195
31344,20141212,10:30:00.000000,LARCENY/THEFT,Friday,RICHMOND,-122.4662046,37.772540539
92956,20140218,22:50:00.000000,SUSPICIOUS OCC,Tuesday,TARAVAL,-122.4546623,37.723487165
43265,20141015,22:30:00.000000,SUSPICIOUS OCC,Wednesday,INGLESIDE,-122.4596021,37.725718533
79862,20140419,16:07:00.000000,ASSAULT,Saturday,MISSION,-122.4208143,37.753703192
20988,20150203,17:50:00.000000,LARCENY/THEFT,Tuesday,CENTRAL,-122.416452,37.786308688
99102,20140121,03:55:00.000000,LARCENY/THEFT,Tuesday,SOUTHERN,-122.4170159,37.772605879
22320,20150124,14:00:00.000000,BURGLARY,Saturday,RICHMOND,-122.4645625,37.785819272
83994,20140402,17:15:00.000000,SUSPICIOUS OCC,Wednesday,SOUTHERN,-122.4051873,37.774552932
79392,20140420,18:53:00.000000,LARCENY/THEFT,Sunday,MISSION,-122.4142227,37.765325085
40418,20141029,20:00:00.000000,LARCENY/THEFT,Wednesday,SOUTHERN,-122.3936227,37.783079119
97532,20140124,20:30:00.000000,LARCENY/THEFT,Friday,MISSION,-122.4186003,37.754625587
74808,20140516,14:15:00.000000,LARCENY/THEFT,Friday,BAYVIEW,-122.3897436,37.75790898
59993,20140726,23:35:00.000000,NON-CRIMINAL,Saturday,NORTHERN,-122.4199301,37.786826208
58212,20140807,12:00:00.000000,SUSPICIOUS OCC,Thursday,RICHMOND,-122.513642,37.778469219
6914,20150405,17:31:00.000000,WARRANTS,Sunday,PARK,-122.4575075,37.771133235
33625,20141129,05:30:00.000000,BURGLARY,Saturday,BAYVIEW,-122.372788,37.728597605
34943,20141125,20:00:00.000000,ASSAULT,Tuesday,PARK,-122.4425263,37.777321099
54046,20140823,15:50:00.000000,LARCENY/THEFT,Saturday,PARK,-122.4575075,37.771133235
89968,20140305,11:00:00.000000,WEAPON LAWS,Wednesday,TARAVAL,-122.4756474,37.728528062
18046,20150217,18:30:00.000000,BURGLARY,Tuesday,NORTHERN,-122.444615,37.798682902
7192,20150404,23:15:00.000000,SEX OFFENSES FORCIBLE,Saturday,SOUTHERN,-122.401833,37.789039771
67068,20140626,13:50:00.000000,DRUG/NARCOTIC,Thursday,TARAVAL,-122.4754918,37.726830838
18929,20150208,15:57:00.000000,WEAPON LAWS,Sunday,BAYVIEW,-122.3830851,37.731752338
73988,20140518,10:30:00.000000,MISSING PERSON,Sunday,RICHMOND,-122.4813777,37.779253342
94384,20140208,13:00:00.000000,SEX OFFENSES FORCIBLE,Saturday,MISSION,-122.4179492,37.769720863
77671,20140502,00:01:00.000000,VANDALISM,Friday,TARAVAL,-122.4804297,37.734966726
30491,20141214,12:05:00.000000,OTHER OFFENSES,Sunday,TENDERLOIN,-122.4142429,37.783724025
23025,20150122,21:45:00.000000,LARCENY/THEFT,Thursday,SOUTHERN,-122.3925038,37.793768765
75211,20140515,13:00:00.000000,BURGLARY,Thursday,CENTRAL,-122.4196161,37.801994243
97705,20140124,13:50:00.000000,WARRANTS,Friday,BAYVIEW,-122.3976999,37.740575694
47721,20140921,17:00:00.000000,VEHICLE THEFT,Sunday,INGLESIDE,-122.4109851,37.736324126
29602,20141223,14:59:00.000000,FRAUD,Tuesday,SOUTHERN,-122.4076335,37.78418935
65605,20140629,16:30:00.000000,LARCENY/THEFT,Sunday,NORTHERN,-122.4482784,37.804271887
41477,20141027,09:15:00.000000,OTHER OFFENSES,Monday,INGLESIDE,-122.4524282,37.725717254
90435,20140304,09:30:00.000000,LARCENY/THEFT,Tuesday,SOUTHERN,-122.3925405,37.785830424
62444,20140721,08:00:00.000000,LARCENY/THEFT,Monday,TENDERLOIN,-122.4095237,37.785760295
34923,20141125,21:00:00.000000,FRAUD,Tuesday,TARAVAL,-122.4814579,37.719729984
17802,20150218,11:31:00.000000,DISORDERLY CONDUCT,Wednesday,MISSION,-122.4066049,37.757158043
84682,20140331,23:05:00.000000,NON-CRIMINAL,Monday,TENDERLOIN,-122.4150887,37.783671956
72243,20140529,17:15:00.000000,LARCENY/THEFT,Thursday,SOUTHERN,-122.3998994,37.78464803
88569,20140308,14:51:00.000000,LARCENY/THEFT,Saturday,CENTRAL,-122.4173578,37.803293854
4483,20150418,17:33:00.000000,LARCENY/THEFT,Saturday,TARAVAL,-122.4671249,37.759310182
67599,20140625,01:00:00.000000,VEHICLE THEFT,Wednesday,INGLESIDE,-122.4375603,37.719649884
11750,20150318,02:20:00.000000,ASSAULT,Wednesday,MISSION,-122.4192082,37.760234075
50622,20140907,19:00:00.000000,LARCENY/THEFT,Sunday,NORTHERN,-122.427108,37.797685031
42184,20141018,14:25:00.000000,LARCENY/THEFT,Saturday,SOUTHERN,-122.4034047,37.775420706
56612,20140810,17:59:00.000000,NON-CRIMINAL,Sunday,TENDERLOIN,-122.4078453,37.785094321
83422,20140403,23:44:00.000000,NON-CRIMINAL,Thursday,NORTHERN,-122.4279175,37.77625209
10042,20150322,01:29:00.000000,WEAPON LAWS,Sunday,SOUTHERN,-122.4034047,37.775420706
37777,20141112,02:05:00.000000,WARRANTS,Wednesday,CENTRAL,-122.409256,37.788239899
88203,20140309,11:34:00.000000,LARCENY/THEFT,Sunday,MISSION,-122.4196717,37.765050121
6523,20150413,18:24:00.000000,WARRANTS,Monday,TENDERLOIN,-122.4136093,37.784696907
62783,20140713,10:00:00.000000,NON-CRIMINAL,Sunday,MISSION,-122.4217476,37.76274366
18121,20150217,16:07:00.000000,WARRANTS,Tuesday,BAYVIEW,-122.4068442,37.739401252
86909,20140319,15:00:00.000000,OTHER OFFENSES,Wednesday,PARK,-122.4449889,37.7517781
7770,20150403,18:00:00.000000,SECONDARY CODES,Friday,TARAVAL,-122.4856037,37.738821432
47515,20140929,04:05:00.000000,SUSPICIOUS OCC,Monday,SOUTHERN,-122.402246,37.781088815
41176,20141027,23:00:00.000000,OTHER OFFENSES,Monday,TENDERLOIN,-122.412784,37.784865693
81014,20140416,22:00:00.000000,FORGERY/COUNTERFEITING,Wednesday,RICHMOND,-122.492917,37.78159664
18870,20150208,19:00:00.000000,LARCENY/THEFT,Sunday,NORTHERN,-122.4220162,37.784594328
52849,20140902,13:30:00.000000,LARCENY/THEFT,Tuesday,NORTHERN,-122.4395049,37.800402493
28065,20141227,18:30:00.000000,LARCENY/THEFT,Saturday,CENTRAL,-122.4057447,37.791498082
58013,20140807,20:03:00.000000,SECONDARY CODES,Thursday,INGLESIDE,-122.4317471,37.720033836
26925,20150106,15:17:00.000000,DRUG/NARCOTIC,Tuesday,TARAVAL,-122.489349,37.746133341
51421,20140905,20:00:00.000000,VEHICLE THEFT,Friday,PARK,-122.4372625,37.780801628
43256,20141015,23:00:00.000000,SEX OFFENSES FORCIBLE,Wednesday,MISSION,-122.4212022,37.767395172
69336,20140613,15:50:00.000000,DRUG/NARCOTIC,Friday,NORTHERN,-122.4220481,37.788956265
57858,20140808,04:27:00.000000,NON-CRIMINAL,Friday,SOUTHERN,-122.413564,37.77951403
32496,20141209,09:02:00.000000,OTHER OFFENSES,Tuesday,BAYVIEW,-122.4015568,37.740962132
90940,20140223,22:30:00.000000,BURGLARY,Sunday,CENTRAL,-122.4040508,37.790514314
16428,20150221,11:59:00.000000,WARRANTS,Saturday,MISSION,-122.4195203,37.764228935
37036,20141113,21:54:00.000000,WEAPON LAWS,Thursday,INGLESIDE,-122.4384124,37.717193736
11406,20150318,23:30:00.000000,LARCENY/THEFT,Wednesday,TARAVAL,-122.4725916,37.720086819
17393,20150219,10:20:00.000000,NON-CRIMINAL,Thursday,BAYVIEW,-122.4025712,37.764125907
90620,20140303,18:15:00.000000,OTHER OFFENSES,Monday,SOUTHERN,-122.3948865,37.780480193
2258,20150430,23:30:00.000000,LARCENY/THEFT,Thursday,NORTHERN,-122.4300476,37.778848786
4020,20150419,17:52:00.000000,LARCENY/THEFT,Sunday,SOUTHERN,-122.4052948,37.786307223
56674,20140810,16:00:00.000000,ASSAULT,Sunday,MISSION,-122.4209084,37.765776662
24126,20150120,09:00:00.000000,NON-CRIMINAL,Tuesday,RICHMOND,-122.4765309,37.786465522
95002,20140206,21:30:00.000000,LARCENY/THEFT,Thursday,PARK,-122.4480431,37.782371035
75103,20140515,17:49:00.000000,DRUG/NARCOTIC,Thursday,TENDERLOIN,-122.4138931,37.78234652
74464,20140517,06:35:00.000000,ROBBERY,Saturday,MISSION,-122.4442764,37.748496507
32243,20141209,20:55:00.000000,DRUG/NARCOTIC,Tuesday,TENDERLOIN,-122.4098537,37.783386237
98575,20140122,14:00:00.000000,MISSING PERSON,Wednesday,TARAVAL,-122.4680511,37.765751774
80094,20140419,01:32:00.000000,LARCENY/THEFT,Saturday,INGLESIDE,-122.4497291,37.709863592
60233,20140726,10:40:00.000000,NON-CRIMINAL,Saturday,RICHMOND,-122.4583728,37.774307949
87563,20140318,00:01:00.000000,FRAUD,Tuesday,MISSION,-122.417477,37.764357751
31188,20141212,18:00:00.000000,VEHICLE THEFT,Friday,NORTHERN,-122.4314496,37.79376631
79727,20140419,21:55:00.000000,ROBBERY,Saturday,BAYVIEW,-122.3915174,37.732850935
12800,20150308,16:40:00.000000,ASSAULT,Sunday,INGLESIDE,-122.442627,37.716246242
30678,20141213,21:00:00.000000,LARCENY/THEFT,Saturday,CENTRAL,-122.4036781,37.797297202
16255,20150221,19:24:00.000000,NON-CRIMINAL,Saturday,BAYVIEW,-122.3907532,37.774379234
7091,20150405,07:10:00.000000,LARCENY/THEFT,Sunday,NORTHERN,-122.424641,37.77278948
41284,20141027,18:00:00.000000,OTHER OFFENSES,Monday,TARAVAL,-122.4811809,37.744679941
77399,20140502,17:03:00.000000,OTHER OFFENSES,Friday,SOUTHERN,-122.4020277,37.786248345
83095,20140404,19:50:00.000000,NON-CRIMINAL,Friday,MISSION,-122.4193501,37.761016091
13860,20150306,09:45:00.000000,MISSING PERSON,Friday,INGLESIDE,-122.452296,37.730621565
1096,20150511,01:15:00.000000,OTHER OFFENSES,Monday,SOUTHERN,-122.4113591,37.77649448
91460,20140222,17:10:00.000000,LARCENY/THEFT,Saturday,SOUTHERN,-122.4097084,37.782827649
93487,20140217,18:50:00.000000,DRIVING UNDER THE INFLUENCE,Monday,TARAVAL,-122.4770121,37.76169871
94442,20140208,09:00:00.000000,LARCENY/THEFT,Saturday,RICHMOND,-122.4624893,37.766959173
33677,20141129,00:05:00.000000,LARCENY/THEFT,Saturday,NORTHERN,-122.4210967,37.78429378
70820,20140609,14:41:00.000000,ASSAULT,Monday,INGLESIDE,-122.4358292,37.714810043
62456,20140721,07:21:00.000000,OTHER OFFENSES,Monday,TARAVAL,-122.4762935,37.752376594
86116,20140321,13:30:00.000000,NON-CRIMINAL,Friday,CENTRAL,-122.3996894,37.797806523
39834,20141031,07:33:00.000000,OTHER OFFENSES,Friday,BAYVIEW,-122.3884992,37.72410004
35759,20141116,21:05:00.000000,NON-CRIMINAL,Sunday,PARK,-122.447783,37.76995495
88389,20140308,22:30:00.000000,ASSAULT,Saturday,INGLESIDE,-122.4024596,37.712181727
550,20150512,13:55:00.000000,LARCENY/THEFT,Tuesday,SOUTHERN,-122.4076335,37.78418935
63435,20140711,16:50:00.000000,RUNAWAY,Friday,MISSION,-122.4066049,37.757158043
61948,20140722,10:00:00.000000,LARCENY/THEFT,Tuesday,TARAVAL,-122.475799,37.75892566
90390,20140304,12:00:00.000000,DRUG/NARCOTIC,Tuesday,TENDERLOIN,-122.407244,37.78656476
38290,20141110,19:00:00.000000,BURGLARY,Monday,NORTHERN,-122.4280963,37.797973756
81455,20140415,23:02:00.000000,OTHER OFFENSES,Tuesday,NORTHERN,-122.4204224,37.788923355
25643,20150109,17:00:00.000000,VANDALISM,Friday,PARK,-122.4378751,37.762267965
13943,20150306,01:50:00.000000,NON-CRIMINAL,Friday,CENTRAL,-122.408231,37.787359494
50742,20140907,13:00:00.000000,VEHICLE THEFT,Sunday,INGLESIDE,-122.4368052,37.727169716
20765,20150204,07:00:00.000000,NON-CRIMINAL,Wednesday,NORTHERN,-122.4293514,37.787489454
70982,20140609,00:59:00.000000,NON-CRIMINAL,Monday,MISSION,-122.4106725,37.758329331
60512,20140725,18:00:00.000000,VEHICLE THEFT,Friday,NORTHERN,-122.4344846,37.796206224
97698,20140124,14:00:00.000000,LARCENY/THEFT,Friday,TENDERLOIN,-122.4117782,37.783980559
72471,20140528,23:41:00.000000,ASSAULT,Wednesday,INGLESIDE,-122.415479,37.747371841
41488,20141027,08:00:00.000000,MISSING PERSON,Monday,CENTRAL,-122.4155788,37.804470694
81067,20140416,19:40:00.000000,NON-CRIMINAL,Wednesday,PARK,-122.4371809,37.776083821
53060,20140901,22:23:00.000000,WARRANTS,Monday,TARAVAL,-122.5069963,37.760376093
57560,20140808,19:00:00.000000,TRESPASS,Friday,NORTHERN,-122.4209637,37.787704634
16382,20150221,13:51:00.000000,OTHER OFFENSES,Saturday,NORTHERN,-122.4167699,37.779584577
13143,20150307,19:45:00.000000,OTHER OFFENSES,Saturday,MISSION,-122.4133982,37.768670926
49137,20140918,15:45:00.000000,NON-CRIMINAL,Thursday,CENTRAL,-122.4033402,37.795991887
16707,20150220,20:00:00.000000,NON-CRIMINAL,Friday,RICHMOND,-122.4865999,37.777121495
21567,20150202,12:00:00.000000,LARCENY/THEFT,Monday,SOUTHERN,-122.4076335,37.78418935
35097,20141125,15:15:00.000000,SUSPICIOUS OCC,Tuesday,TARAVAL,-122.4612403,37.721831913
46333,20141001,22:00:00.000000,LARCENY/THEFT,Wednesday,PARK,-122.4468102,37.759233864
33158,20141130,14:20:00.000000,SUSPICIOUS OCC,Sunday,TENDERLOIN,-122.4131357,37.786259904
89530,20140306,12:00:00.000000,DRUG/NARCOTIC,Thursday,TENDERLOIN,-122.4143122,37.779833918
86697,20140319,22:15:00.000000,LARCENY/THEFT,Wednesday,CENTRAL,-122.4078147,37.792269428
69413,20140613,11:56:00.000000,OTHER OFFENSES,Friday,BAYVIEW,-122.3920741,37.730855043
73450,20140526,14:48:00.000000,NON-CRIMINAL,Monday,SOUTHERN,-122.4198423,37.774822618
16706,20150220,20:00:00.000000,LARCENY/THEFT,Friday,INGLESIDE,-122.4203334,37.738630531
97603,20140124,18:00:00.000000,ROBBERY,Friday,TENDERLOIN,-122.414302,37.781863316
86469,20140320,14:40:00.000000,OTHER OFFENSES,Thursday,MISSION,-122.4184278,37.749078602
92600,20140219,20:00:00.000000,SUSPICIOUS OCC,Wednesday,CENTRAL,-122.4036799,37.79819133
82187,20140406,22:55:00.000000,DRUG/NARCOTIC,Sunday,MISSION,-122.4184481,37.752239165
99977,20140111,20:33:00.000000,OTHER OFFENSES,Saturday,SOUTHERN,-122.4065209,37.785062942
